#include "launcher_icons.hpp"

namespace fluid_demo {

const uint16_t kIconFluid[kLauncherIconPixels] = {
    0xF81F, 0xF81F, 0xF81F, 0xF81F, 0xF81F, 0xF81F, 0xF81F, 0xF81F, 0xF81F, 0xF81F, 0xF81F, 0xF81F,
    0xF81F, 0xF81F, 0xF81F, 0xF81F, 0xF81F, 0xF81F, 0xF81F, 0xF81F, 0xF81F, 0xF81F, 0xF81F, 0xF81F,
    0xF81F, 0xF81F, 0xF81F, 0xF81F, 0xF81F, 0xF81F, 0xF81F, 0xF81F, 0xF81F, 0xF81F, 0xF81F, 0xF81F,
    0xF81F, 0xF81F, 0xF81F, 0xF81F, 0xF81F, 0xF81F, 0xF81F, 0xF81F, 0xF81F, 0xF81F, 0xF81F, 0xF81F,
    0xF81F, 0xF81F, 0xF81F, 0xF81F, 0xF81F, 0xF81F, 0xF81F, 0xF81F, 0xF81F, 0xF81F, 0xF81F, 0xF81F,
    0xF81F, 0xF81F, 0xF81F, 0xF81F, 0xF81F, 0xF81F, 0xF81F, 0xF81F, 0xF81F, 0xF81F, 0xF81F, 0xF81F,
    0xF81F, 0xF81F, 0xF81F, 0xF81F, 0xF81F, 0xF81F, 0xF81F, 0xF81F, 0xF81F, 0xF81F, 0xF81F, 0xF81F,
    0xF81F, 0xF81F, 0xF81F, 0xF81F, 0xF81F, 0xF81F, 0xF81F, 0xF81F, 0xF81F, 0xF81F, 0xF81F, 0xF81F,
    0xF81F, 0xF81F, 0xF81F, 0xF81F, 0xF81F, 0xF81F, 0xF81F, 0xF81F, 0xF81F, 0xF81F, 0xF81F, 0xF81F,
    0xF81F, 0xF81F, 0xF81F, 0xF81F, 0xF81F, 0xF81F, 0xF81F, 0xF81F, 0xF81F, 0xF81F, 0xF81F, 0xF81F,
    0xF81F, 0xF81F, 0xF81F, 0xF81F, 0xF81F, 0xF81F, 0xF81F, 0xF81F, 0xF81F, 0xF81F, 0xF81F, 0xF81F,
    0xF81F, 0xF81F, 0xF81F, 0xF81F, 0xF81F, 0xF81F, 0xF81F, 0xF81F, 0xF81F, 0xF81F, 0xF81F, 0xF81F,
    0xF81F, 0xF81F, 0xF81F, 0xF81F, 0xF81F, 0xF81F, 0xF81F, 0xF81F, 0xF81F, 0xF81F, 0xF81F, 0xF81F,
    0xF81F, 0xF81F, 0xF81F, 0xF81F, 0xF81F, 0xF81F, 0xF81F, 0xF81F, 0xF81F, 0xF81F, 0xF81F, 0xF81F,
    0xF81F, 0xF81F, 0xF81F, 0xF81F, 0xF81F, 0xF81F, 0xF81F, 0xF81F, 0xF81F, 0xF81F, 0xF81F, 0xF81F,
    0xF81F, 0xF81F, 0xF81F, 0xF81F, 0xF81F, 0xF81F, 0xF81F, 0xF81F, 0xF81F, 0xF81F, 0xF81F, 0xF81F,
    0xF81F, 0xF81F, 0xF81F, 0xF81F, 0xF81F, 0xF81F, 0xF81F, 0xF81F, 0xF81F, 0xF81F, 0xF81F, 0xF81F,
    0xF81F, 0xF81F, 0xF81F, 0xF81F, 0xF81F, 0xF81F, 0xF81F, 0xF81F, 0xF81F, 0xF81F, 0xF81F, 0xF81F,
    0xF81F, 0xF81F, 0xF81F, 0xF81F, 0xF81F, 0xF81F, 0xF81F, 0xF81F, 0xF81F, 0xF81F, 0xF81F, 0xF81F,
    0xF81F, 0xF81F, 0xF81F, 0xF81F, 0xF81F, 0xF81F, 0xF81F, 0xF81F, 0xF81F, 0xF81F, 0xF81F, 0xF81F,
    0xF81F, 0xF81F, 0xF81F, 0xF81F, 0xF81F, 0xF81F, 0xF81F, 0xF81F, 0xF81F, 0xF81F, 0xF81F, 0xF81F,
    0xF81F, 0xF81F, 0xF81F, 0xF81F, 0xF81F, 0xF81F, 0xF81F, 0xF81F, 0xF81F, 0xF81F, 0xF81F, 0xF81F,
    0xF81F, 0xF81F, 0xF81F, 0xF81F, 0xF81F, 0xF81F, 0xF81F, 0xF81F, 0xF81F, 0xF81F, 0xF81F, 0xF81F,
    0xF81F, 0xF81F, 0xF81F, 0xF81F, 0xF81F, 0xF81F, 0xF81F, 0xF81F, 0xF81F, 0xF81F, 0xF81F, 0xF81F,
    0xF81F, 0xF81F, 0xF81F, 0xF81F, 0xF81F, 0xF81F, 0xF81F, 0xF81F, 0xF81F, 0xF81F, 0xF81F, 0xF81F,
    0xF81F, 0xF81F, 0xF81F, 0xF81F, 0xF81F, 0xF81F, 0xF81F, 0xF81F, 0xF81F, 0xF81F, 0xF81F, 0xF81F,
    0xF81F, 0xF81F, 0xF81F, 0xF81F, 0xF81F, 0xF81F, 0xF81F, 0xF81F, 0xF81F, 0xF81F, 0xF81F, 0xF81F,
    0xF81F, 0xF81F, 0xF81F, 0xF81F, 0xF81F, 0xF81F, 0xF81F, 0xF81F, 0xF81F, 0xF81F, 0xF81F, 0xF81F,
    0xF81F, 0xF81F, 0x1559, 0x34BA, 0x2CF9, 0x2CD9, 0x2CF9, 0x2CF9, 0x2CF9, 0x2CF9, 0x2CF9, 0x2CF9,
    0x2CF9, 0x2CF9, 0x2CF9, 0x2CF9, 0x2CF9, 0x2CF9, 0x2CFA, 0x2CF9, 0x2CF9, 0x2CF9, 0x2CF9, 0x2CF9,
    0x2CD9, 0x2CF9, 0x2CF9, 0x2CF9, 0x34BA, 0x1D39, 0xF81F, 0xF81F, 0xF81F, 0xF81F, 0xF81F, 0xF81F,
    0xF81F, 0xF81F, 0xF81F, 0xF81F, 0xF81F, 0xF81F, 0xF81F, 0xF81F, 0xF81F, 0xF81F, 0xF81F, 0xF81F,
    0xF81F, 0xF81F, 0xF81F, 0xF81F, 0xF81F, 0xF81F, 0xF81F, 0xF81F, 0xF81F, 0xF81F, 0xF81F, 0xF81F,
    0xF81F, 0xF81F, 0x1D7A, 0x0D99, 0x0DFA, 0x0E1A, 0x061A, 0x061A, 0x061A, 0x061A, 0x061A, 0x061A,
    0x061A, 0x061A, 0x061A, 0x061A, 0x061A, 0x061A, 0x061A, 0x061A, 0x061A, 0x061A, 0x061A, 0x061A,
    0x061A, 0x061A, 0x061A, 0x061A, 0x061A, 0x061A, 0x061A, 0x061A, 0x061A, 0x061A, 0x0E1A, 0x0DFA,
    0x0D99, 0x1D5A, 0xF81F, 0xF81F, 0xF81F, 0xF81F, 0xF81F, 0xF81F, 0xF81F, 0xF81F, 0xF81F, 0xF81F,
    0xF81F, 0xF81F, 0xF81F, 0xF81F, 0xF81F, 0xF81F, 0xF81F, 0xF81F, 0xF81F, 0xF81F, 0xF81F, 0xF81F,
    0xF81F, 0xF81F, 0xF81F, 0xF81F, 0x1D7A, 0x0DF9, 0x061A, 0x05D9, 0x05B8, 0x05B8, 0x05B8, 0x05B8,
    0x05B8, 0x05B8, 0x05B8, 0x05B8, 0x05B8, 0x05B8, 0x05B8, 0x05B8, 0x05B8, 0x05B8, 0x05B8, 0x05B8,
    0x05B8, 0x05B8, 0x05B9, 0x05B8, 0x05B8, 0x05B8, 0x05B8, 0x05B8, 0x05B8, 0x05B8, 0x05B8, 0x05B8,
    0x05B8, 0x05B8, 0x05B8, 0x05B8, 0x05D9, 0x061A, 0x0DFA, 0x1D7A, 0xF81F, 0xF81F, 0xF81F, 0xF81F,
    0xF81F, 0xF81F, 0xF81F, 0xF81F, 0xF81F, 0xF81F, 0xF81F, 0xF81F, 0xF81F, 0xF81F, 0xF81F, 0xF81F,
    0xF81F, 0xF81F, 0xF81F, 0xF81F, 0xF81F, 0xF81F, 0xF81F, 0x15BA, 0x061A, 0x05B8, 0x05B8, 0x05B8,
    0x05B8, 0x05B8, 0x05B8, 0x05B8, 0x05B9, 0x05B8, 0x05B8, 0x05B8, 0x05B8, 0x05B8, 0x05B8, 0x05B8,
    0x05B8, 0x05B8, 0x05B8, 0x05B8, 0x05B9, 0x05B8, 0x05B8, 0x05B8, 0x05B8, 0x05B8, 0x05B8, 0x05B8,
    0x05B8, 0x05B8, 0x05B8, 0x05B8, 0x05B8, 0x05B8, 0x05B8, 0x05B8, 0x05B8, 0x05B8, 0x05B8, 0x061A,
    0x15BA, 0xF81F, 0xF81F, 0xF81F, 0xF81F, 0xF81F, 0xF81F, 0xF81F, 0xF81F, 0xF81F, 0xF81F, 0xF81F,
    0xF81F, 0xF81F, 0xF81F, 0xF81F, 0xF81F, 0xF81F, 0xF81F, 0xF81F, 0xF81F, 0xF81F, 0x0DFA, 0x05D9,
    0x05B8, 0x05B8, 0x05B8, 0x05B8, 0x05B8, 0x05B8, 0x05B8, 0x05B8, 0x05B9, 0x05B8, 0x05B8, 0x05B8,
    0x05B8, 0x05B8, 0x05B8, 0x05B8, 0x05B8, 0x05B8, 0x05B8, 0x05B8, 0x05B8, 0x05B8, 0x05B8, 0x05B8,
    0x05B8, 0x05B8, 0x05B8, 0x05B8, 0x05B8, 0x05B8, 0x05B8, 0x05B8, 0x05B8, 0x05B8, 0x05B8, 0x05B8,
    0x05B8, 0x05B8, 0x05B8, 0x05B8, 0x05D9, 0x0DDA, 0xF81F, 0xF81F, 0xF81F, 0xF81F, 0xF81F, 0xF81F,
    0xF81F, 0xF81F, 0xF81F, 0xF81F, 0xF81F, 0xF81F, 0xF81F, 0xF81F, 0xF81F, 0xF81F, 0xF81F, 0xF81F,
    0xF81F, 0x15DA, 0x05D9, 0x05B8, 0x05B8, 0x05B8, 0x05B8, 0x05B8, 0x05B8, 0x05B8, 0x05B8, 0x05B8,
    0x05B8, 0x05B8, 0x05B8, 0x05B8, 0x05B8, 0x05B8, 0x05B8, 0x05B8, 0x05B8, 0x05B8, 0x05B8, 0x1DD9,
    0x1DF9, 0x05B8, 0x05B8, 0x05B8, 0x05B8, 0x05B8, 0x05B8, 0x05B8, 0x05B8, 0x05B8, 0x05B8, 0x05B8,
    0x05B8, 0x05B8, 0x05B8, 0x05B8, 0x05B8, 0x05B8, 0x05B8, 0x05B8, 0x05B8, 0x05D9, 0x15DA, 0xF81F,
    0xF81F, 0xF81F, 0xF81F, 0xF81F, 0xF81F, 0xF81F, 0xF81F, 0xF81F, 0xF81F, 0xF81F, 0xF81F, 0xF81F,
    0xF81F, 0xF81F, 0xF81F, 0xF81F, 0x1579, 0x05F9, 0x05B8, 0x05B8, 0x05B8, 0x05B8, 0x05B8, 0x05B8,
    0x05B8, 0x05B8, 0x05B8, 0x05B8, 0x05B8, 0x05B8, 0x05B8, 0x05B8, 0x05B8, 0x05B8, 0x05B8, 0x05B8,
    0x05B8, 0x0DB9, 0x0598, 0x86DC, 0x86DC, 0x0578, 0x0DB9, 0x05B8, 0x05B8, 0x05B8, 0x05B8, 0x05B8,
    0x05B8, 0x05B8, 0x05B8, 0x05B8, 0x05B8, 0x05B8, 0x05B8, 0x05B8, 0x05B8, 0x05B8, 0x05B8, 0x05B8,
    0x05B8, 0x05B8, 0x05F9, 0x1559, 0xF81F, 0xF81F, 0xF81F, 0xF81F, 0xF81F, 0xF81F, 0xF81F, 0xF81F,
    0xF81F, 0xF81F, 0xF81F, 0xF81F, 0xF81F, 0xF81F, 0xF81F, 0x34BA, 0x063A, 0x05B8, 0x05B8, 0x05B8,
    0x05B8, 0x05B8, 0x05B8, 0x05B8, 0x05B8, 0x05B8, 0x05B8, 0x05B9, 0x05B8, 0x05B8, 0x05B8, 0x05B8,
    0x05B8, 0x05B8, 0x05B8, 0x05B8, 0x05B8, 0x05B8, 0x0DB9, 0xE7BF, 0xE7BF, 0x0DB8, 0x05B8, 0x05B8,
    0x05B8, 0x05B8, 0x05B8, 0x05B8, 0x05B8, 0x05B8, 0x05B8, 0x05B9, 0x05B8, 0x05B8, 0x05B8, 0x05B8,
    0x05B8, 0x05B8, 0x05B8, 0x05B8, 0x05B8, 0x05B8, 0x05B8, 0x061A, 0x2CD9, 0xF81F, 0xF81F, 0xF81F,
    0xF81F, 0xF81F, 0xF81F, 0xF81F, 0xF81F, 0xF81F, 0xF81F, 0xF81F, 0xF81F, 0xF81F, 0xF81F, 0x1599,
    0x05D9, 0x05B8, 0x05B8, 0x05B8, 0x05B8, 0x05B8, 0x05B8, 0x05B8, 0x05B8, 0x05B8, 0x05B8, 0x05B8,
    0x05B8, 0x05B8, 0x05B8, 0x05B8, 0x05B8, 0x05B8, 0x05B8, 0x05B8, 0x0DD9, 0x0598, 0x76BB, 0xFFFF,
    0xFFFF, 0x6EBB, 0x0598, 0x0DD9, 0x05B8, 0x05B8, 0x05B8, 0x05B8, 0x05B9, 0x05B8, 0x05B8, 0x05B9,
    0x05B9, 0x05B8, 0x05B8, 0x05B8, 0x05B8, 0x05B8, 0x05B8, 0x05B8, 0x05B8, 0x05B8, 0x05B8, 0x05D8,
    0x1579, 0xF81F, 0xF81F, 0xF81F, 0xF81F, 0xF81F, 0xF81F, 0xF81F, 0xF81F, 0xF81F, 0xF81F, 0xF81F,
    0xF81F, 0xF81F, 0xF81F, 0x0E1A, 0x05B8, 0x05B8, 0x05B8, 0x05B8, 0x05B8, 0x05B8, 0x05B8, 0x05B8,
    0x05B8, 0x05B8, 0x05B8, 0x05B8, 0x05B8, 0x05B8, 0x05B8, 0x05B8, 0x05B8, 0x05B8, 0x05B8, 0x0DB8,
    0x05B8, 0x1DD9, 0xEFDF, 0xFFFF, 0xFFFF, 0xE7BF, 0x15D9, 0x05B8, 0x05B8, 0x05B8, 0x05B8, 0x05B8,
    0x05B8, 0x05B9, 0x05B8, 0x05B9, 0x05B9, 0x05B8, 0x05B8, 0x05B8, 0x05B8, 0x05B8, 0x05B8, 0x05B8,
    0x05B8, 0x05B8, 0x05B8, 0x05B8, 0x0E1A, 0xF81F, 0xF81F, 0xF81F, 0xF81F, 0xF81F, 0xF81F, 0xF81F,
    0xF81F, 0xF81F, 0xF81F, 0xF81F, 0xF81F, 0xF81F, 0x1559, 0x061A, 0x05B8, 0x05B8, 0x05B8, 0x05B8,
    0x05B8, 0x05B8, 0x05B8, 0x05B8, 0x05B8, 0x05B8, 0x05B8, 0x05B8, 0x05B8, 0x05B8, 0x05B8, 0x05B8,
    0x05B8, 0x05B8, 0x05B8, 0x0DB8, 0x0598, 0x971C, 0xFFFF, 0xFFFF, 0xFFFF, 0xFFFF, 0x96FC, 0x0598,
    0x0DB8, 0x05B8, 0x05B8, 0x05B8, 0x05B8, 0x05B9, 0x05B8, 0x05B9, 0x05B8, 0x05B8, 0x05B8, 0x05B8,
    0x05B8, 0x05B8, 0x05B8, 0x05B8, 0x05B8, 0x05B8, 0x05B8, 0x05B8, 0x061A, 0x1D39, 0xF81F, 0xF81F,
    0xF81F, 0xF81F, 0xF81F, 0xF81F, 0xF81F, 0xF81F, 0xF81F, 0xF81F, 0xF81F, 0xF81F, 0x1D59, 0x05F9,
    0x05B8, 0x05B8, 0x05B8, 0x05B8, 0x05B8, 0x05B8, 0x05B8, 0x05B8, 0x05B8, 0x05B8, 0x05B8, 0x05B8,
    0x05B8, 0x05B8, 0x05B8, 0x05B8, 0x05B8, 0x05B8, 0x0DB8, 0x0598, 0x3E3A, 0xFFFF, 0xFFFF, 0xFFFF,
    0xFFFF, 0xFFFF, 0xFFFF, 0x3E3A, 0x0598, 0x0DB9, 0x05B8, 0x05B8, 0x05B8, 0x05B8, 0x05B8, 0x05B8,
    0x05B8, 0x05B8, 0x05B8, 0x05B8, 0x05B8, 0x05B8, 0x05B8, 0x05B8, 0x05B8, 0x05B8, 0x05B8, 0x05B8,
    0x05F9, 0x1D39, 0xF81F, 0xF81F, 0xF81F, 0xF81F, 0xF81F, 0xF81F, 0xF81F, 0xF81F, 0xF81F, 0xF81F,
    0xF81F, 0xF81F, 0x0D99, 0x05D9, 0x05B8, 0x05B8, 0x05B8, 0x05B8, 0x05B8, 0x05B8, 0x05B8, 0x05B8,
    0x05B8, 0x05B8, 0x05B8, 0x05B8, 0x05B8, 0x05B8, 0x05B8, 0x05B8, 0x05B8, 0x05B8, 0x05B8, 0x0DB8,
    0xCF9E, 0xFFFF, 0xFFFF, 0xFFFF, 0xFFFF, 0xFFFF, 0xFFFF, 0xD79E, 0x0DB8, 0x05B8, 0x05B8, 0x05B8,
    0x05B8, 0x05B8, 0x05B8, 0x05B8, 0x05B8, 0x05B8, 0x05B8, 0x05B8, 0x05B8, 0x05B8, 0x05B8, 0x05B8,
    0x05B8, 0x05B8, 0x05B8, 0x05B8, 0x05D9, 0x0D99, 0xF81F, 0xF81F, 0xF81F, 0xF81F, 0xF81F, 0xF81F,
    0xF81F, 0xF81F, 0xF81F, 0xF81F, 0xF81F, 0xF81F, 0x0DB9, 0x05B8, 0x05B8, 0x05B8, 0x05B8, 0x05B8,
    0x05B8, 0x05B8, 0x05B8, 0x05B8, 0x05B8, 0x05B8, 0x05B8, 0x05B8, 0x05B8, 0x05B8, 0x05B8, 0x05B8,
    0x05B8, 0x0DB9, 0x0578, 0x7EDC, 0xFFFF, 0xFFFF, 0xFFFF, 0xFFFF, 0xFFFF, 0xFFFF, 0xFFFF, 0xFFFF,
    0x86DC, 0x0598, 0x0DB9, 0x05B8, 0x05B8, 0x05B8, 0x05B8, 0x05B8, 0x05B8, 0x05B8, 0x05B8, 0x05B8,
    0x05B8, 0x05B8, 0x05B8, 0x05B9, 0x05B8, 0x05B8, 0x05B8, 0x05B8, 0x05D9, 0x0DB9, 0xF81F, 0xF81F,
    0xF81F, 0xF81F, 0xF81F, 0xF81F, 0xF81F, 0xF81F, 0xF81F, 0xF81F, 0xF81F, 0xF81F, 0x15BA, 0x05B8,
    0x05B8, 0x05B8, 0x05B8, 0x05B8, 0x05B8, 0x05B8, 0x05B8, 0x05B8, 0x05B8, 0x05B8, 0x05B8, 0x05B8,
    0x05B8, 0x05B8, 0x05B8, 0x05B8, 0x0DB8, 0x0598, 0x3619, 0xF7FF, 0xFFFF, 0xFFFF, 0xFFFF, 0xFFFF,
    0xFFFF, 0xFFFF, 0xFFFF, 0xFFFF, 0xFFFF, 0x3E3A, 0x0598, 0x0DB8, 0x05B8, 0x05B8, 0x05B8, 0x05B8,
    0x05B8, 0x05B8, 0x05B8, 0x05B8, 0x05B8, 0x05B8, 0x05B8, 0x05B8, 0x05B8, 0x05B8, 0x05B8, 0x05B8,
    0x05D8, 0x1D9A, 0xF81F, 0xF81F, 0xF81F, 0xF81F, 0xF81F, 0xF81F, 0xF81F, 0xF81F, 0xF81F, 0xF81F,
    0xF81F, 0xF81F, 0x15BA, 0x05B8, 0x05B8, 0x05B8, 0x05B8, 0x05B8, 0x05B8, 0x05B8, 0x05B8, 0x05B8,
    0x05B8, 0x05B8, 0x05B8, 0x05B8, 0x05B8, 0x05B8, 0x05B8, 0x05B8, 0x05B8, 0x05B8, 0xCF7E, 0xFFFF,
    0xFFFF, 0xFFFF, 0xFFFF, 0xFFFF, 0xFFFF, 0xFFFF, 0xFFFF, 0xFFFF, 0xFFFF, 0xD79E, 0x0DB8, 0x05B8,
    0x05B8, 0x05B8, 0x05B8, 0x05B8, 0x05B9, 0x05B9, 0x05B8, 0x05B8, 0x05B8, 0x05B8, 0x05B8, 0x05B8,
    0x05B8, 0x05B8, 0x05B8, 0x05B8, 0x05B8, 0x159A, 0xF81F, 0xF81F, 0xF81F, 0xF81F, 0xF81F, 0xF81F,
    0xF81F, 0xF81F, 0xF81F, 0xF81F, 0xF81F, 0xF81F, 0x15BA, 0x05D8, 0x05B8, 0x05B8, 0x05B8, 0x05B8,
    0x05B8, 0x05B8, 0x05B8, 0x05B8, 0x05B8, 0x05B8, 0x05B8, 0x05B8, 0x05B8, 0x05B8, 0x05B8, 0x0DB8,
    0x0578, 0x86DC, 0xFFFF, 0xFFFF, 0xFFFF, 0xFFFF, 0xFFFF, 0xFFFF, 0xFFFF, 0xFFFF, 0xFFFF, 0xFFFF,
    0xFFFF, 0xFFFF, 0x971C, 0x0598, 0x0DB8, 0x05B8, 0x05B8, 0x05B8, 0x05B9, 0x05B9, 0x05B8, 0x05B8,
    0x05B8, 0x05B8, 0x05B8, 0x05B8, 0x05B8, 0x05B8, 0x05B8, 0x05B8, 0x05D8, 0x159A, 0xF81F, 0xF81F,
    0xF81F, 0xF81F, 0xF81F, 0xF81F, 0xF81F, 0xF81F, 0xF81F, 0xF81F, 0xF81F, 0xF81F, 0x15BA, 0x05D8,
    0x05B8, 0x05B8, 0x05B8, 0x05B8, 0x05B8, 0x05B8, 0x05B8, 0x05B8, 0x05B8, 0x05B8, 0x05B8, 0x05B8,
    0x05B8, 0x05B8, 0x0DB8, 0x0598, 0x3E3A, 0xFFFF, 0xFFFF, 0xFFFF, 0xFFFF, 0xFFFF, 0xFFFF, 0xFFFF,
    0xFFFF, 0xFFFF, 0xFFFF, 0xFFFF, 0xFFFF, 0xFFFF, 0xFFFF, 0x4E5A, 0x0598, 0x0DB8, 0x05B8, 0x05B9,
    0x05B8, 0x05B9, 0x05B8, 0x05B9, 0x05B8, 0x05B8, 0x05B8, 0x05B8, 0x05B8, 0x05B8, 0x05B8, 0x05B8,
    0x05D8, 0x159A, 0xF81F, 0xF81F, 0xF81F, 0xF81F, 0xF81F, 0xF81F, 0xF81F, 0xF81F, 0xF81F, 0xF81F,
    0xF81F, 0xF81F, 0x15BA, 0x05B8, 0x05B8, 0x05B8, 0x05B8, 0x05B8, 0x05B8, 0x05B8, 0x05B8, 0x05B9,
    0x05B8, 0x05B8, 0x05B8, 0x05B8, 0x05B8, 0x05B8, 0x05B8, 0x0DB8, 0xDF9E, 0xFFFF, 0xFFFF, 0xFFFF,
    0xFFFF, 0xFFFF, 0xFFFF, 0xFFFF, 0xFFFF, 0xFFFF, 0xFFFF, 0xFFFF, 0xFFFF, 0xFFFF, 0xFFFF, 0xE7BF,
    0x15D9, 0x05B8, 0x0DB9, 0x05B9, 0x05B9, 0x05B8, 0x05B8, 0x05B8, 0x05B8, 0x05B8, 0x05B8, 0x05B8,
    0x05B8, 0x05B8, 0x05B8, 0x05B8, 0x05D8, 0x159A, 0xF81F, 0xF81F, 0xF81F, 0xF81F, 0xF81F, 0xF81F,
    0xF81F, 0xF81F, 0xF81F, 0xF81F, 0xF81F, 0xF81F, 0x15BA, 0x05B8, 0x05B8, 0x05B8, 0x05B8, 0x05B8,
    0x05B8, 0x05B8, 0x05B9, 0x05B8, 0x05B8, 0x05B8, 0x05B8, 0x05B8, 0x05B8, 0x0DB8, 0x0598, 0x96FC,
    0xFFFF, 0xFFFF, 0xFFFF, 0xFFFF, 0xFFFF, 0xFFFF, 0xFFFF, 0xFFFF, 0xFFFF, 0xFFFF, 0xFFFF, 0xFFFF,
    0xFFFF, 0xFFFF, 0xFFFF, 0xFFFF, 0xA73D, 0x0598, 0x0DB9, 0x05B8, 0x05B8, 0x05B8, 0x05B8, 0x05B8,
    0x05B9, 0x05B9, 0x05B9, 0x05B8, 0x05B8, 0x05B8, 0x05B8, 0x05B8, 0x05D8, 0x1D9A, 0xF81F, 0xF81F,
    0xF81F, 0xF81F, 0xF81F, 0xF81F, 0xF81F, 0xF81F, 0xF81F, 0xF81F, 0xF81F, 0xF81F, 0x15BA, 0x05B8,
    0x05B8, 0x05B8, 0x05B8, 0x05B8, 0x05B8, 0x05B8, 0x05B8, 0x05B8, 0x05B8, 0x05B8, 0x05B8, 0x05B8,
    0x0DB8, 0x0598, 0x4E5A, 0xFFFF, 0xFFFF, 0xFFFF, 0xFFFF, 0xFFFF, 0xFFFF, 0xFFFF, 0xFFFF, 0xFFFF,
    0xFFFF, 0xFFFF, 0xFFFF, 0xFFFF, 0xFFFF, 0xFFFF, 0xFFFF, 0xFFFF, 0xFFFF, 0x567B, 0x0598, 0x0DB9,
    0x05B8, 0x05B8, 0x05B8, 0x05B8, 0x05B9, 0x05B9, 0x05B9, 0x05B9, 0x05B8, 0x05B8, 0x05B8, 0x05B8,
    0x05D8, 0x1D9A, 0xF81F, 0xF81F, 0xF81F, 0xF81F, 0xF81F, 0xF81F, 0xF81F, 0xF81F, 0xF81F, 0xF81F,
    0xF81F, 0xF81F, 0x15BA, 0x05B8, 0x05B8, 0x05B8, 0x05B8, 0x05B8, 0x05B8, 0x05B8, 0x05B8, 0x05B8,
    0x05B8, 0x05B8, 0x05B8, 0x05B8, 0x05B8, 0x0DB9, 0xDFBE, 0xFFFF, 0xFFFF, 0xFFFF, 0xFFFF, 0xFFFF,
    0xFFFF, 0xFFFF, 0xFFFF, 0xFFFF, 0xFFFF, 0xFFFF, 0xFFFF, 0xFFFF, 0xFFFF, 0xFFFF, 0xFFFF, 0xFFFF,
    0xFFFF, 0xE7BF, 0x15D9, 0x05B8, 0x05B8, 0x05B8, 0x05B8, 0x05B8, 0x05B9, 0x05B9, 0x05B8, 0x05B8,
    0x05B8, 0x05B8, 0x05B8, 0x05B8, 0x05D8, 0x159A, 0xF81F, 0xF81F, 0xF81F, 0xF81F, 0xF81F, 0xF81F,
    0xF81F, 0xF81F, 0xF81F, 0xF81F, 0xF81F, 0xF81F, 0x15BA, 0x05B8, 0x05B8, 0x05B8, 0x05B8, 0x05B8,
    0x05B8, 0x05B8, 0x05B8, 0x05B8, 0x05B8, 0x05B8, 0x05B8, 0x0DB8, 0x0598, 0x8EFC, 0xFFFF, 0xFFFF,
    0xFFFF, 0xFFFF, 0xFFFF, 0xFFFF, 0xFFFF, 0xFFFF, 0xFFFF, 0xFFFF, 0xFFFF, 0xFFFF, 0xFFFF, 0xFFFF,
    0xFFFF, 0xFFFF, 0xFFFF, 0xFFFF, 0xFFFF, 0xFFFF, 0x96FC, 0x0598, 0x0DB8, 0x05B8, 0x05B8, 0x05B8,
    0x05B8, 0x05B8, 0x05B9, 0x05B9, 0x05B8, 0x05B8, 0x05B8, 0x05B8, 0x05D8, 0x159A, 0xF81F, 0xF81F,
    0xF81F, 0xF81F, 0xF81F, 0xF81F, 0xF81F, 0xF81F, 0xF81F, 0xF81F, 0xF81F, 0xF81F, 0x15BA, 0x05B8,
    0x05B8, 0x05B8, 0x05B8, 0x05B8, 0x05B8, 0x05B8, 0x05B8, 0x05B8, 0x05B8, 0x05B8, 0x0DB8, 0x0598,
    0x361A, 0xFFFF, 0xFFFF, 0xFFFF, 0xFFFF, 0xFFFF, 0xFFFF, 0xFFFF, 0xFFFF, 0xFFFF, 0xFFFF, 0xFFFF,
    0xFFFF, 0xFFFF, 0xFFFF, 0xFFFF, 0xFFFF, 0xFFFF, 0xFFFF, 0xFFFF, 0xFFFF, 0xFFFF, 0xFFFF, 0x361A,
    0x0598, 0x0DB9, 0x05B8, 0x05B8, 0x05B8, 0x05B8, 0x05B8, 0x05B9, 0x05B8, 0x05B8, 0x05B8, 0x05B8,
    0x05D8, 0x159A, 0xF81F, 0xF81F, 0xF81F, 0xF81F, 0xF81F, 0xF81F, 0xF81F, 0xF81F, 0xF81F, 0xF81F,
    0xF81F, 0xF81F, 0x15BA, 0x05B8, 0x05B8, 0x05B8, 0x05B8, 0x05B8, 0x05B8, 0x05B8, 0x05B8, 0x05B8,
    0x05B8, 0x05B8, 0x0DB8, 0x0598, 0xB75D, 0xFFFF, 0xFFFF, 0xFFFF, 0xFFFF, 0xFFFF, 0xFFFF, 0xFFFF,
    0xFFFF, 0xFFFF, 0xFFFF, 0xFFFF, 0xFFFF, 0xFFFF, 0xFFFF, 0xFFFF, 0xFFFF, 0xFFFF, 0xFFFF, 0xFFFF,
    0xFFFF, 0xFFFF, 0xFFFF, 0xB75D, 0x0598, 0x05B8, 0x05B8, 0x05B8, 0x05B8, 0x05B8, 0x05B8, 0x05B8,
    0x05B8, 0x05B8, 0x05B8, 0x05B8, 0x05D8, 0x159A, 0xF81F, 0xF81F, 0xF81F, 0xF81F, 0xF81F, 0xF81F,
    0xF81F, 0xF81F, 0xF81F, 0xF81F, 0xF81F, 0xF81F, 0x15BA, 0x05B8, 0x05B8, 0x05B8, 0x05B8, 0x05B8,
    0x05B8, 0x05B8, 0x05B8, 0x05B8, 0x05B8, 0x0DB8, 0x0598, 0x463A, 0xFFFF, 0xFFFF, 0xFFFF, 0xFFFF,
    0xFFFF, 0xFFFF, 0xFFFF, 0xFFFF, 0xFFFF, 0xFFFF, 0xFFFF, 0xFFFF, 0xFFFF, 0xFFFF, 0xFFFF, 0xFFFF,
    0xFFFF, 0xFFFF, 0xFFFF, 0xFFFF, 0xFFFF, 0xFFFF, 0xFFFF, 0xFFFF, 0x463A, 0x0598, 0x0DB8, 0x05B8,
    0x05B8, 0x05B8, 0x05B8, 0x05B8, 0x05B8, 0x05B8, 0x05B8, 0x05B8, 0x05D8, 0x1D9A, 0xF81F, 0xF81F,
    0xF81F, 0xF81F, 0xF81F, 0xF81F, 0xF81F, 0xF81F, 0xF81F, 0xF81F, 0xF81F, 0xF81F, 0x15BA, 0x05B8,
    0x05B8, 0x05B8, 0x05B8, 0x05B8, 0x05B8, 0x05B8, 0x05B8, 0x05B8, 0x05B8, 0x0DB8, 0x0598, 0xB73D,
    0xFFFF, 0xFFFF, 0xFFFF, 0xFFFF, 0xFFFF, 0xFFFF, 0xFFFF, 0xFFFF, 0xFFFF, 0xFFFF, 0xFFFF, 0xFFFF,
    0xFFFF, 0xFFFF, 0xFFFF, 0xFFFF, 0xFFFF, 0xFFFF, 0xFFFF, 0xFFFF, 0xFFFF, 0xFFFF, 0xFFFF, 0xFFFF,
    0xAF3D, 0x0598, 0x05B8, 0x05B8, 0x05B8, 0x05B8, 0x05B8, 0x05B8, 0x05B8, 0x05B8, 0x05B8, 0x05B8,
    0x05D8, 0x1D9A, 0xF81F, 0xF81F, 0xF81F, 0xF81F, 0xF81F, 0xF81F, 0xF81F, 0xF81F, 0xF81F, 0xF81F,
    0xF81F, 0xF81F, 0x15BA, 0x05B8, 0x05B8, 0x05B8, 0x05B9, 0x05B9, 0x05B8, 0x05B8, 0x05B8, 0x05B8,
    0x0DB8, 0x0598, 0x2DF9, 0xFFFF, 0xFFFF, 0xFFFF, 0xFFFF, 0xFFFF, 0xFFFF, 0xFFFF, 0xFFFF, 0xFFFF,
    0xFFFF, 0xFFFF, 0xFFFF, 0xFFFF, 0xFFFF, 0xFFFF, 0xFFFF, 0xFFFF, 0xFFFF, 0xFFFF, 0xFFFF, 0xFFFF,
    0xFFFF, 0xFFFF, 0xFFFF, 0xFFFF, 0xF7FF, 0x25F9, 0x0598, 0x05B8, 0x05B8, 0x05B8, 0x05B8, 0x05B8,
    0x05B8, 0x05B8, 0x05B8, 0x05B8, 0x05D8, 0x159A, 0xF81F, 0xF81F, 0xF81F, 0xF81F, 0xF81F, 0xF81F,
    0xF81F, 0xF81F, 0xF81F, 0xF81F, 0xF81F, 0xF81F, 0x15BA, 0x05B8, 0x05B8, 0x05B8, 0x05B8, 0x05B8,
    0x05B8, 0x05B8, 0x05B8, 0x05B8, 0x0DB9, 0x0598, 0x76BC, 0xFFFF, 0xFFFF, 0xFFFF, 0xFFFF, 0xFFFF,
    0xFFFF, 0xFFFF, 0xFFFF, 0xFFFF, 0xFFFF, 0xFFFF, 0xFFFF, 0xFFFF, 0xFFFF, 0xFFFF, 0xFFFF, 0xFFFF,
    0xFFFF, 0xFFFF, 0xFFFF, 0xFFFF, 0xFFFF, 0xFFFF, 0xFFFF, 0xFFFF, 0xFFFF, 0x76BB, 0x0598, 0x0DB9,
    0x05B8, 0x05B8, 0x05B8, 0x05B8, 0x05B8, 0x05B8, 0x05B8, 0x05B8, 0x05D8, 0x159A, 0xF81F, 0xF81F,
    0xF81F, 0xF81F, 0xF81F, 0xF81F, 0xF81F, 0xF81F, 0xF81F, 0xF81F, 0xF81F, 0xF81F, 0x15BA, 0x05B8,
    0x05B8, 0x05B8, 0x05B8, 0x05B8, 0x05B8, 0x05B8, 0x05B8, 0x05B8, 0x05B8, 0x05B8, 0xBF7E, 0xFFFF,
    0xFFFF, 0xFFFF, 0xFFFF, 0xFFFF, 0xFFFF, 0xFFFF, 0xFFFF, 0xFFFF, 0xFFFF, 0xFFFF, 0xFFFF, 0xFFFF,
    0xFFFF, 0xFFFF, 0xFFFF, 0xFFFF, 0xFFFF, 0xFFFF, 0xFFFF, 0xFFFF, 0xFFFF, 0xFFFF, 0xFFFF, 0xFFFF,
    0xFFFF, 0xBF5D, 0x0598, 0x0DB8, 0x05B8, 0x05B8, 0x05B8, 0x05B8, 0x05B8, 0x05B8, 0x05B8, 0x05B8,
    0x05D8, 0x1D9A, 0xF81F, 0xF81F, 0xF81F, 0xF81F, 0xF81F, 0xF81F, 0xF81F, 0xF81F, 0xF81F, 0xF81F,
    0xF81F, 0xF81F, 0x15BA, 0x05B8, 0x05B8, 0x05B8, 0x05B8, 0x05B8, 0x05B8, 0x05B8, 0x05B8, 0x05B8,
    0x05B8, 0x15D9, 0xEFDF, 0xFFFF, 0xFFFF, 0xFFFF, 0xFFFF, 0xFFFF, 0xFFFF, 0xFFFF, 0xFFFF, 0xFFFF,
    0xFFFF, 0xFFFF, 0xFFFF, 0xFFFF, 0xFFFF, 0xFFFF, 0xFFFF, 0xFFFF, 0xFFFF, 0xFFFF, 0xFFFF, 0xFFFF,
    0xFFFF, 0xFFFF, 0xFFFF, 0xFFFF, 0xFFFF, 0xE7BF, 0x15D9, 0x05B8, 0x05B8, 0x05B8, 0x05B8, 0x05B9,
    0x05B8, 0x05B9, 0x05B8, 0x05B8, 0x05D8, 0x1D9A, 0xF81F, 0xF81F, 0xF81F, 0xF81F, 0xF81F, 0xF81F,
    0xF81F, 0xF81F, 0xF81F, 0xF81F, 0xF81F, 0xF81F, 0x15BA, 0x05B8, 0x05B8, 0x05B8, 0x05B8, 0x05B8,
    0x05B8, 0x05B8, 0x05B8, 0x0DB8, 0x0598, 0x2E19, 0xFFFF, 0xFFFF, 0xFFFF, 0xFFFF, 0xFFFF, 0xFFFF,
    0xFFFF, 0xFFFF, 0xFFFF, 0xFFFF, 0xFFFF, 0xFFFF, 0xFFFF, 0xFFFF, 0xFFFF, 0xFFFF, 0xFFFF, 0xFFFF,
    0xFFFF, 0xFFFF, 0xFFFF, 0xFFFF, 0xFFFF, 0xFFFF, 0xFFFF, 0xFFFF, 0xFFFF, 0xFFFF, 0x3619, 0x0598,
    0x05B8, 0x05B8, 0x05B9, 0x05B9, 0x05B9, 0x05B9, 0x05B8, 0x05B8, 0x05D8, 0x1D9A, 0xF81F, 0xF81F,
    0xF81F, 0xF81F, 0xF81F, 0xF81F, 0xF81F, 0xF81F, 0xF81F, 0xF81F, 0xF81F, 0xF81F, 0x15BA, 0x05B8,
    0x05B8, 0x05B8, 0x05B8, 0x05B8, 0x05B8, 0x05B8, 0x05B8, 0x0DB8, 0x0598, 0x463A, 0xFFFF, 0xFFFF,
    0xFFFF, 0xFFFF, 0xFFFF, 0xFFFF, 0xFFFF, 0xFFFF, 0xFFFF, 0xFFFF, 0xFFFF, 0xFFFF, 0xFFFF, 0xFFFF,
    0xFFFF, 0xFFFF, 0xFFFF, 0xFFFF, 0xFFFF, 0xFFFF, 0xFFFF, 0xFFFF, 0xFFFF, 0xFFFF, 0xFFFF, 0xFFFF,
    0xFFFF, 0xFFFF, 0x463A, 0x0598, 0x0DB8, 0x05B8, 0x05B8, 0x05B9, 0x05B8, 0x05B8, 0x05B8, 0x05B8,
    0x05D8, 0x1D9A, 0xF81F, 0xF81F, 0xF81F, 0xF81F, 0xF81F, 0xF81F, 0xF81F, 0xF81F, 0xF81F, 0xF81F,
    0xF81F, 0xF81F, 0x15BA, 0x05B8, 0x05B8, 0x05B8, 0x05B8, 0x05B8, 0x05B8, 0x05B8, 0x05B8, 0x0DB9,
    0x0598, 0x4E5A, 0xFFFF, 0xFFFF, 0xFFFF, 0x8EDC, 0x86DC, 0xFFFF, 0xFFFF, 0xFFFF, 0xFFFF, 0xFFFF,
    0xFFFF, 0xFFFF, 0xFFFF, 0xFFFF, 0xFFFF, 0xFFFF, 0xFFFF, 0xFFFF, 0xFFFF, 0xFFFF, 0xFFFF, 0xFFFF,
    0xFFFF, 0xFFFF, 0xFFFF, 0xFFFF, 0xFFFF, 0xFFFF, 0x4E5A, 0x0598, 0x0DB8, 0x05B8, 0x05B8, 0x05B8,
    0x05B8, 0x05B8, 0x05B8, 0x05B8, 0x05D8, 0x1D9A, 0xF81F, 0xF81F, 0xF81F, 0xF81F, 0xF81F, 0xF81F,
    0xF81F, 0xF81F, 0xF81F, 0xF81F, 0xF81F, 0xF81F, 0x15BA, 0x05B8, 0x05B8, 0x05B8, 0x05B8, 0x05B8,
    0x05B8, 0x05B8, 0x05B8, 0x0DB8, 0x0598, 0x465A, 0xFFFF, 0xFFFF, 0xDFBE, 0x0598, 0x0598, 0xCF7E,
    0xFFFF, 0xFFFF, 0xFFFF, 0xFFFF, 0xFFFF, 0xFFFF, 0xFFFF, 0xFFFF, 0xFFFF, 0xFFFF, 0xFFFF, 0xFFFF,
    0xFFFF, 0xFFFF, 0xFFFF, 0xFFFF, 0xFFFF, 0xFFFF, 0xFFFF, 0xFFFF, 0xFFFF, 0xFFFF, 0x463A, 0x0598,
    0x0DB9, 0x05B8, 0x05B8, 0x05B8, 0x05B8, 0x05B8, 0x05B8, 0x05B8, 0x05D8, 0x1D9A, 0xF81F, 0xF81F,
    0xF81F, 0xF81F, 0xF81F, 0xF81F, 0xF81F, 0xF81F, 0xF81F, 0xF81F, 0xF81F, 0xF81F, 0x15BA, 0x05B8,
    0x05B8, 0x05B8, 0x05B8, 0x05B8, 0x05B8, 0x05B8, 0x05B8, 0x0DB9, 0x0598, 0x363A, 0xFFFF, 0xFFFF,
    0xDFBE, 0x15D9, 0x0598, 0x8EFC, 0xFFFF, 0xFFFF, 0xFFFF, 0xFFFF, 0xFFFF, 0xFFFF, 0xFFFF, 0xFFFF,
    0xFFFF, 0xFFFF, 0xFFFF, 0xFFFF, 0xFFFF, 0xFFFF, 0xFFFF, 0xFFFF, 0xFFFF, 0xFFFF, 0xFFFF, 0xFFFF,
    0xFFFF, 0xFFFF, 0x361A, 0x0598, 0x0DB8, 0x05B8, 0x05B8, 0x05B8, 0x05B8, 0x05B8, 0x05B8, 0x05B8,
    0x05D8, 0x1D9A, 0xF81F, 0xF81F, 0xF81F, 0xF81F, 0xF81F, 0xF81F, 0xF81F, 0xF81F, 0xF81F, 0xF81F,
    0xF81F, 0xF81F, 0x15BA, 0x05B8, 0x05B8, 0x05B8, 0x05B9, 0x05B8, 0x05B8, 0x05B8, 0x05B8, 0x05B8,
    0x05B8, 0x1DD9, 0xEFDF, 0xFFFF, 0xFFFF, 0x361A, 0x0578, 0x463A, 0xFFFF, 0xFFFF, 0xFFFF, 0xFFFF,
    0xFFFF, 0xFFFF, 0xFFFF, 0xFFFF, 0xFFFF, 0xFFFF, 0xFFFF, 0xFFFF, 0xFFFF, 0xFFFF, 0xFFFF, 0xFFFF,
    0xFFFF, 0xFFFF, 0xFFFF, 0xFFFF, 0xFFFF, 0xEFDF, 0x15D9, 0x05B8, 0x05B8, 0x05B8, 0x05B8, 0x05B8,
    0x05B8, 0x05B8, 0x05B8, 0x05B8, 0x05D8, 0x1D9A, 0xF81F, 0xF81F, 0xF81F, 0xF81F, 0xF81F, 0xF81F,
    0xF81F, 0xF81F, 0xF81F, 0xF81F, 0xF81F, 0xF81F, 0x15BA, 0x05B8, 0x05B8, 0x05B9, 0x05B9, 0x05B9,
    0x05B8, 0x05B8, 0x05B8, 0x05B8, 0x05B8, 0x0598, 0xC77E, 0xFFFF, 0xFFFF, 0x86DC, 0x0578, 0x05B8,
    0xC77E, 0xFFFF, 0xFFFF, 0xFFFF, 0xFFFF, 0xFFFF, 0xFFFF, 0xFFFF, 0xFFFF, 0xFFFF, 0xFFFF, 0xFFFF,
    0xFFFF, 0xFFFF, 0xFFFF, 0xFFFF, 0xFFFF, 0xFFFF, 0xFFFF, 0xFFFF, 0xFFFF, 0xC77E, 0x0598, 0x05B8,
    0x05B8, 0x05B8, 0x05B8, 0x05B8, 0x05B8, 0x05B8, 0x05B8, 0x05B8, 0x05D8, 0x159A, 0xF81F, 0xF81F,
    0xF81F, 0xF81F, 0xF81F, 0xF81F, 0xF81F, 0xF81F, 0xF81F, 0xF81F, 0xF81F, 0xF81F, 0x15BA, 0x05B8,
    0x05B8, 0x05B8, 0x05B9, 0x05B9, 0x05B8, 0x05B8, 0x05B8, 0x05B8, 0x0DB8, 0x0598, 0x7EBC, 0xFFFF,
    0xFFFF, 0xE7BF, 0x15D9, 0x0598, 0x2E19, 0xEFDF, 0xFFFF, 0xFFFF, 0xFFFF, 0xFFFF, 0xFFFF, 0xFFFF,
    0xFFFF, 0xFFFF, 0xFFFF, 0xFFFF, 0xFFFF, 0xFFFF, 0xFFFF, 0xFFFF, 0xFFFF, 0xFFFF, 0xFFFF, 0xFFFF,
    0xFFFF, 0x7EBC, 0x0598, 0x0DB9, 0x05B8, 0x05B8, 0x05B8, 0x05B8, 0x05B8, 0x05B8, 0x05B8, 0x05B8,
    0x05D8, 0x159A, 0xF81F, 0xF81F, 0xF81F, 0xF81F, 0xF81F, 0xF81F, 0xF81F, 0xF81F, 0xF81F, 0xF81F,
    0xF81F, 0xF81F, 0x15BA, 0x05B8, 0x05B8, 0x05B8, 0x05B9, 0x05B9, 0x05B8, 0x05B8, 0x05B8, 0x05B8,
    0x05B8, 0x0598, 0x25F9, 0xF7FF, 0xFFFF, 0xFFFF, 0x9F1C, 0x0598, 0x05B8, 0x361A, 0xDF9E, 0xFFFF,
    0xFFFF, 0xFFFF, 0xFFFF, 0xFFFF, 0xFFFF, 0xFFFF, 0xFFFF, 0xFFFF, 0xFFFF, 0xFFFF, 0xFFFF, 0xFFFF,
    0xFFFF, 0xFFFF, 0xFFFF, 0xFFFF, 0xF7DF, 0x25F9, 0x0598, 0x05B8, 0x05B8, 0x05B8, 0x05B8, 0x05B8,
    0x05B8, 0x05B9, 0x05B8, 0x05B8, 0x05D8, 0x1D9A, 0xF81F, 0xF81F, 0xF81F, 0xF81F, 0xF81F, 0xF81F,
    0xF81F, 0xF81F, 0xF81F, 0xF81F, 0xF81F, 0xF81F, 0x159A, 0x05B8, 0x05B8, 0x05B8, 0x05B8, 0x05B9,
    0x05B8, 0x05B8, 0x05B8, 0x05B8, 0x05B8, 0x0DB9, 0x0598, 0x9F1D, 0xFFFF, 0xFFFF, 0xFFFF, 0x669B,
    0x0578, 0x0598, 0x15D9, 0x8EFC, 0xFFFF, 0xFFFF, 0xFFFF, 0xFFFF, 0xFFFF, 0xFFFF, 0xFFFF, 0xFFFF,
    0xFFFF, 0xFFFF, 0xFFFF, 0xFFFF, 0xFFFF, 0xFFFF, 0xFFFF, 0xFFFF, 0x96FC, 0x0598, 0x0DB8, 0x05B8,
    0x05B8, 0x05B8, 0x05B8, 0x05B8, 0x05B9, 0x05B9, 0x05B8, 0x05B8, 0x05D9, 0x0DB9, 0xF81F, 0xF81F,
    0xF81F, 0xF81F, 0xF81F, 0xF81F, 0xF81F, 0xF81F, 0xF81F, 0xF81F, 0xF81F, 0xF81F, 0x0D99, 0x05D9,
    0x05B8, 0x05B8, 0x05B8, 0x05B8, 0x05B8, 0x05B8, 0x05B8, 0x05B8, 0x05B8, 0x05B9, 0x05B8, 0x1DF9,
    0xEFDF, 0xFFFF, 0xFFFF, 0xFFFF, 0x6E9B, 0x0598, 0x05B8, 0x0578, 0x76BC, 0xFFFF, 0xFFFF, 0xFFFF,
    0xFFFF, 0xFFFF, 0xFFFF, 0xFFFF, 0xFFFF, 0xFFFF, 0xFFFF, 0xFFFF, 0xFFFF, 0xFFFF, 0xFFFF, 0xEFDF,
    0x1DD9, 0x05B8, 0x05B8, 0x05B8, 0x05B8, 0x05B8, 0x05B8, 0x05B8, 0x05B8, 0x05B8, 0x05B8, 0x05B8,
    0x05D9, 0x0D99, 0xF81F, 0xF81F, 0xF81F, 0xF81F, 0xF81F, 0xF81F, 0xF81F, 0xF81F, 0xF81F, 0xF81F,
    0xF81F, 0xF81F, 0x1579, 0x05F9, 0x05B8, 0x05B9, 0x05B9, 0x05B9, 0x05B8, 0x05B8, 0x05B8, 0x05B8,
    0x05B8, 0x05B8, 0x0DB9, 0x0598, 0x567B, 0xFFFF, 0xFFFF, 0xFFFF, 0xFFFF, 0xA73D, 0x361A, 0x0598,
    0x76BB, 0xFFFF, 0xFFFF, 0xFFFF, 0xFFFF, 0xFFFF, 0xFFFF, 0xFFFF, 0xFFFF, 0xFFFF, 0xFFFF, 0xFFFF,
    0xFFFF, 0xFFFF, 0xFFFF, 0x565A, 0x0598, 0x0DB9, 0x05B8, 0x05B8, 0x05B8, 0x05B8, 0x05B8, 0x05B8,
    0x05B8, 0x05B8, 0x05B8, 0x05B8, 0x05F9, 0x1D59, 0xF81F, 0xF81F, 0xF81F, 0xF81F, 0xF81F, 0xF81F,
    0xF81F, 0xF81F, 0xF81F, 0xF81F, 0xF81F, 0xF81F, 0x1D39, 0x061A, 0x05B8, 0x05B9, 0x05B9, 0x05B8,
    0x05B8, 0x05B8, 0x05B8, 0x05B8, 0x05B8, 0x05B8, 0x05B8, 0x0DB9, 0x0598, 0x76BC, 0xFFFF, 0xFFFF,
    0xFFFF, 0xFFFF, 0xFFFF, 0xD79E, 0xFFFF, 0xFFFF, 0xFFFF, 0xFFFF, 0xFFFF, 0xFFFF, 0xFFFF, 0xFFFF,
    0xFFFF, 0xFFFF, 0xFFFF, 0xFFFF, 0xFFFF, 0xFFFF, 0x76BB, 0x0598, 0x0DB9, 0x05B8, 0x05B8, 0x05B8,
    0x05B8, 0x05B8, 0x05B8, 0x05B8, 0x05B8, 0x05B8, 0x05B8, 0x05B8, 0x061A, 0x1D19, 0xF81F, 0xF81F,
    0xF81F, 0xF81F, 0xF81F, 0xF81F, 0xF81F, 0xF81F, 0xF81F, 0xF81F, 0xF81F, 0xF81F, 0xF81F, 0x0E1A,
    0x05B8, 0x05B9, 0x05B8, 0x05B8, 0x05B9, 0x05B9, 0x05B9, 0x05B8, 0x05B8, 0x05B8, 0x05B8, 0x05B8,
    0x0DB9, 0x0598, 0x6E9B, 0xFFFF, 0xFFFF, 0xF7FF, 0xFFFF, 0xFFFF, 0xFFFF, 0xFFFF, 0xFFFF, 0xFFFF,
    0xFFFF, 0xFFFF, 0xFFFF, 0xFFFF, 0xFFFF, 0xFFFF, 0xFFFF, 0xFFFF, 0xFFFF, 0x6E9B, 0x0598, 0x0DB8,
    0x05B8, 0x05B8, 0x05B8, 0x05B8, 0x05B8, 0x05B8, 0x05B8, 0x05B8, 0x05B8, 0x05B8, 0x05B8, 0x05B8,
    0x0E1A, 0xF81F, 0xF81F, 0xF81F, 0xF81F, 0xF81F, 0xF81F, 0xF81F, 0xF81F, 0xF81F, 0xF81F, 0xF81F,
    0xF81F, 0xF81F, 0xF81F, 0x159A, 0x05D9, 0x05B9, 0x05B8, 0x05B8, 0x05B8, 0x05B9, 0x05B9, 0x05B8,
    0x05B8, 0x05B8, 0x05B8, 0x05B8, 0x05B8, 0x0DB8, 0x0598, 0x3E3A, 0xD79E, 0xFFFF, 0xFFFF, 0xFFFF,
    0xFFFF, 0xFFFF, 0xFFFF, 0xFFFF, 0xFFFF, 0xFFFF, 0xFFFF, 0xFFFF, 0xFFFF, 0xFFFF, 0xFFFF, 0xD79E,
    0x3E3A, 0x0598, 0x0DB8, 0x05B8, 0x05B8, 0x05B8, 0x05B8, 0x05B8, 0x05B8, 0x05B8, 0x05B8, 0x05B8,
    0x05B8, 0x05B8, 0x05B8, 0x05D9, 0x1599, 0xF81F, 0xF81F, 0xF81F, 0xF81F, 0xF81F, 0xF81F, 0xF81F,
    0xF81F, 0xF81F, 0xF81F, 0xF81F, 0xF81F, 0xF81F, 0xF81F, 0x2CFA, 0x063A, 0x05B8, 0x05B9, 0x05B8,
    0x05B8, 0x05B8, 0x05B8, 0x05B8, 0x05B8, 0x05B8, 0x05B8, 0x05B8, 0x05B8, 0x05B8, 0x0DB9, 0x0598,
    0x0DB8, 0x6E9B, 0xD79E, 0xFFFF, 0xFFFF, 0xFFFF, 0xFFFF, 0xFFFF, 0xFFFF, 0xFFFF, 0xFFFF, 0xFFFF,
    0xFFFF, 0xD79E, 0x6E9B, 0x0DB8, 0x0598, 0x0DB8, 0x05B8, 0x05B8, 0x05B8, 0x05B8, 0x05B8, 0x05B8,
    0x05B8, 0x05B8, 0x05B8, 0x05B8, 0x05B8, 0x05B8, 0x05B8, 0x063A, 0x2CDA, 0xF81F, 0xF81F, 0xF81F,
    0xF81F, 0xF81F, 0xF81F, 0xF81F, 0xF81F, 0xF81F, 0xF81F, 0xF81F, 0xF81F, 0xF81F, 0xF81F, 0xF81F,
    0x1599, 0x05F9, 0x05B8, 0x05B9, 0x05B8, 0x05B8, 0x05B8, 0x05B8, 0x05B8, 0x05B8, 0x05B8, 0x05B8,
    0x05B8, 0x05B8, 0x05B8, 0x0DB9, 0x05B8, 0x0598, 0x05B8, 0x463A, 0x86DC, 0xB75D, 0xD79E, 0xDFBE,
    0xDFBE, 0xD79E, 0xB75D, 0x86DC, 0x465A, 0x0DB8, 0x0598, 0x05B8, 0x0DB9, 0x05B8, 0x05B8, 0x05B8,
    0x05B8, 0x05B8, 0x05B8, 0x05B8, 0x05B8, 0x05B8, 0x05B8, 0x05B8, 0x05B8, 0x05B8, 0x05F9, 0x1599,
    0xF81F, 0xF81F, 0xF81F, 0xF81F, 0xF81F, 0xF81F, 0xF81F, 0xF81F, 0xF81F, 0xF81F, 0xF81F, 0xF81F,
    0xF81F, 0xF81F, 0xF81F, 0xF81F, 0xF81F, 0x0DFA, 0x05D9, 0x05B8, 0x05B8, 0x05B8, 0x05B8, 0x05B8,
    0x05B8, 0x05B8, 0x05B8, 0x05B8, 0x05B8, 0x05B8, 0x05B8, 0x05B8, 0x05B8, 0x0DB8, 0x05B8, 0x0598,
    0x0598, 0x0598, 0x05B8, 0x0DD9, 0x0DB9, 0x05B8, 0x0598, 0x0598, 0x0598, 0x05B8, 0x0DB8, 0x05B8,
    0x05B8, 0x05B8, 0x05B8, 0x05B8, 0x05B8, 0x05B8, 0x05B8, 0x05B8, 0x05B8, 0x05B8, 0x05B8, 0x05B8,
    0x05B8, 0x05D9, 0x0DFA, 0xF81F, 0xF81F, 0xF81F, 0xF81F, 0xF81F, 0xF81F, 0xF81F, 0xF81F, 0xF81F,
    0xF81F, 0xF81F, 0xF81F, 0xF81F, 0xF81F, 0xF81F, 0xF81F, 0xF81F, 0xF81F, 0xF81F, 0x0E1A, 0x05D9,
    0x05B8, 0x05B8, 0x05B8, 0x05B8, 0x05B8, 0x05B8, 0x05B8, 0x05B8, 0x05B8, 0x05B8, 0x05B8, 0x05B8,
    0x05B8, 0x05B8, 0x05B8, 0x0DB9, 0x0DB9, 0x0DB8, 0x05B8, 0x05B8, 0x05B8, 0x05B8, 0x05B9, 0x0DB9,
    0x0DB9, 0x05B8, 0x05B8, 0x05B8, 0x05B8, 0x05B8, 0x05B8, 0x05B8, 0x05B8, 0x05B8, 0x05B8, 0x05B8,
    0x05B8, 0x05B8, 0x05B8, 0x05B8, 0x05D9, 0x0DFA, 0xF81F, 0xF81F, 0xF81F, 0xF81F, 0xF81F, 0xF81F,
    0xF81F, 0xF81F, 0xF81F, 0xF81F, 0xF81F, 0xF81F, 0xF81F, 0xF81F, 0xF81F, 0xF81F, 0xF81F, 0xF81F,
    0xF81F, 0xF81F, 0xF81F, 0x15BA, 0x0619, 0x05B8, 0x05B8, 0x05B8, 0x05B8, 0x05B8, 0x05B8, 0x05B8,
    0x05B8, 0x05B8, 0x05B8, 0x05B8, 0x05B8, 0x05B8, 0x05B8, 0x05B8, 0x05B8, 0x05B8, 0x05B8, 0x05B8,
    0x05B8, 0x05B8, 0x05B8, 0x05B8, 0x05B8, 0x05B9, 0x05B8, 0x05B8, 0x05B8, 0x05B8, 0x05B8, 0x05B8,
    0x05B8, 0x05B8, 0x05B8, 0x05B8, 0x05B8, 0x05B8, 0x05B8, 0x061A, 0x15BA, 0xF81F, 0xF81F, 0xF81F,
    0xF81F, 0xF81F, 0xF81F, 0xF81F, 0xF81F, 0xF81F, 0xF81F, 0xF81F, 0xF81F, 0xF81F, 0xF81F, 0xF81F,
    0xF81F, 0xF81F, 0xF81F, 0xF81F, 0xF81F, 0xF81F, 0xF81F, 0xF81F, 0x1D7A, 0x0DFB, 0x061A, 0x05D9,
    0x05B8, 0x05B8, 0x05B8, 0x05B8, 0x05B8, 0x05B8, 0x05B8, 0x05B8, 0x05B8, 0x05B8, 0x05B8, 0x05B8,
    0x05B8, 0x05B8, 0x05B8, 0x05B8, 0x05B8, 0x0598, 0x05B8, 0x05B8, 0x05B8, 0x05B9, 0x05B8, 0x05B8,
    0x05B8, 0x05B8, 0x05B8, 0x05B8, 0x05B8, 0x05B8, 0x05B8, 0x05B8, 0x05D9, 0x061A, 0x0DFB, 0x1D7A,
    0xF81F, 0xF81F, 0xF81F, 0xF81F, 0xF81F, 0xF81F, 0xF81F, 0xF81F, 0xF81F, 0xF81F, 0xF81F, 0xF81F,
    0xF81F, 0xF81F, 0xF81F, 0xF81F, 0xF81F, 0xF81F, 0xF81F, 0xF81F, 0xF81F, 0xF81F, 0xF81F, 0xF81F,
    0xF81F, 0xF81F, 0x1D5A, 0x1599, 0x0DDA, 0x0E1B, 0x061B, 0x061A, 0x061A, 0x063A, 0x061A, 0x063A,
    0x061A, 0x061A, 0x061A, 0x061A, 0x061A, 0x061A, 0x061A, 0x061A, 0x061A, 0x061A, 0x061A, 0x061A,
    0x061A, 0x061A, 0x061A, 0x061A, 0x061A, 0x061A, 0x061A, 0x061A, 0x061A, 0x061A, 0x0E1B, 0x0DFA,
    0x1599, 0x1D5A, 0xF81F, 0xF81F, 0xF81F, 0xF81F, 0xF81F, 0xF81F, 0xF81F, 0xF81F, 0xF81F, 0xF81F,
    0xF81F, 0xF81F, 0xF81F, 0xF81F, 0xF81F, 0xF81F, 0xF81F, 0xF81F, 0xF81F, 0xF81F, 0xF81F, 0xF81F,
    0xF81F, 0xF81F, 0xF81F, 0xF81F, 0xF81F, 0xF81F, 0xF81F, 0xF81F, 0xF81F, 0xF81F, 0xF81F, 0x0599,
    0x05B9, 0x1579, 0x349A, 0x1D59, 0x1559, 0x251A, 0x24F9, 0x24F9, 0x1D39, 0x349A, 0x1579, 0x2CDA,
    0x0D99, 0x0D99, 0x2CDA, 0x0D99, 0x1559, 0x2CBA, 0x1539, 0x05B9, 0x1559, 0x1539, 0x24FA, 0x1D19,
    0x0D99, 0xF81F, 0xF81F, 0xF81F, 0xF81F, 0xF81F, 0xF81F, 0xF81F, 0xF81F, 0xF81F, 0xF81F, 0xF81F,
    0xF81F, 0xF81F, 0xF81F, 0xF81F, 0xF81F, 0xF81F, 0xF81F, 0xF81F, 0xF81F, 0xF81F, 0xF81F, 0xF81F,
    0xF81F, 0xF81F, 0xF81F, 0xF81F, 0xF81F, 0xF81F, 0xF81F, 0xF81F, 0xF81F, 0xF81F, 0xF81F, 0xF81F,
    0xF81F, 0xF81F, 0xF81F, 0xF81F, 0xF81F, 0xF81F, 0xF81F, 0xF81F, 0xF81F, 0xF81F, 0xF81F, 0xF81F,
    0xF81F, 0xF81F, 0xF81F, 0xF81F, 0xF81F, 0xF81F, 0xF81F, 0xF81F, 0xF81F, 0xF81F, 0xF81F, 0xF81F,
    0xF81F, 0xF81F, 0xF81F, 0xF81F, 0xF81F, 0xF81F, 0xF81F, 0xF81F, 0xF81F, 0xF81F, 0xF81F, 0xF81F,
    0xF81F, 0xF81F, 0xF81F, 0xF81F, 0xF81F, 0xF81F, 0xF81F, 0xF81F, 0xF81F, 0xF81F, 0xF81F, 0xF81F,
    0xF81F, 0xF81F, 0xF81F, 0xF81F, 0xF81F, 0xF81F, 0xF81F, 0xF81F, 0xF81F, 0xF81F, 0xF81F, 0xF81F,
    0xF81F, 0xF81F, 0xF81F, 0xF81F, 0xF81F, 0xF81F, 0xF81F, 0xF81F, 0xF81F, 0xF81F, 0xF81F, 0xF81F,
    0xF81F, 0xF81F, 0xF81F, 0xF81F, 0xF81F, 0xF81F, 0xF81F, 0xF81F, 0xF81F, 0xF81F, 0xF81F, 0xF81F,
    0xF81F, 0xF81F, 0xF81F, 0xF81F, 0xF81F, 0xF81F, 0xF81F, 0xF81F, 0xF81F, 0xF81F, 0xF81F, 0xF81F,
    0xF81F, 0xF81F, 0xF81F, 0xF81F, 0xF81F, 0xF81F, 0xF81F, 0xF81F, 0xF81F, 0xF81F, 0xF81F, 0xF81F,
    0xF81F, 0xF81F, 0xF81F, 0xF81F, 0xF81F, 0xF81F, 0xF81F, 0xF81F, 0xF81F, 0xF81F, 0xF81F, 0xF81F,
    0xF81F, 0xF81F, 0xF81F, 0xF81F, 0xF81F, 0xF81F, 0xF81F, 0xF81F, 0xF81F, 0xF81F, 0xF81F, 0xF81F,
    0xF81F, 0xF81F, 0xF81F, 0xF81F, 0xF81F, 0xF81F, 0xF81F, 0xF81F, 0xF81F, 0xF81F, 0xF81F, 0xF81F,
    0xF81F, 0xF81F, 0xF81F, 0xF81F, 0xF81F, 0xF81F, 0xF81F, 0xF81F, 0xF81F, 0xF81F, 0xF81F, 0xF81F,
    0xF81F, 0xF81F, 0xF81F, 0xF81F, 0xF81F, 0xF81F, 0xF81F, 0xF81F, 0xF81F, 0xF81F, 0xF81F, 0xF81F,
    0xF81F, 0xF81F, 0xF81F, 0xF81F, 0xF81F, 0xF81F, 0xF81F, 0xF81F, 0xF81F, 0xF81F, 0xF81F, 0xF81F,
    0xF81F, 0xF81F, 0xF81F, 0xF81F, 0xF81F, 0xF81F, 0xF81F, 0xF81F, 0xF81F, 0xF81F, 0xF81F, 0xF81F,
    0xF81F, 0xF81F, 0xF81F, 0xF81F, 0xF81F, 0xF81F, 0xF81F, 0xF81F, 0xF81F, 0xF81F, 0xF81F, 0xF81F,
    0xF81F, 0xF81F, 0xF81F, 0xF81F, 0xF81F, 0xF81F, 0xF81F, 0xF81F, 0xF81F, 0xF81F, 0xF81F, 0xF81F,
    0xF81F, 0xF81F, 0xF81F, 0xF81F, 0xF81F, 0xF81F, 0xF81F, 0xF81F, 0xF81F, 0xF81F, 0xF81F, 0xF81F,
    0xF81F, 0xF81F, 0xF81F, 0xF81F, 0xF81F, 0xF81F, 0xF81F, 0xF81F, 0xF81F, 0xF81F, 0xF81F, 0xF81F,
    0xF81F, 0xF81F, 0xF81F, 0xF81F, 0xF81F, 0xF81F, 0xF81F, 0xF81F, 0xF81F, 0xF81F, 0xF81F, 0xF81F,
    0xF81F, 0xF81F, 0xF81F, 0xF81F, 0xF81F, 0xF81F, 0xF81F, 0xF81F, 0xF81F, 0xF81F, 0xF81F, 0xF81F,
    0xF81F, 0xF81F, 0xF81F, 0xF81F, 0xF81F, 0xF81F, 0xF81F, 0xF81F, 0xF81F, 0xF81F, 0xF81F, 0xF81F,
    0xF81F, 0xF81F, 0xF81F, 0xF81F, 0xF81F, 0xF81F, 0xF81F, 0xF81F, 0xF81F, 0xF81F, 0xF81F, 0xF81F,
    0xF81F, 0xF81F, 0xF81F, 0xF81F, 0xF81F, 0xF81F, 0xF81F, 0xF81F, 0xF81F, 0xF81F, 0xF81F, 0xF81F,
    0xF81F, 0xF81F, 0xF81F, 0xF81F,
};
const uint16_t kIconCube[kLauncherIconPixels] = {
    0xF81F, 0xF81F, 0xF81F, 0xF81F, 0xF81F, 0xF81F, 0xF81F, 0xF81F, 0xF81F, 0xF81F, 0xF81F, 0xF81F,
    0xF81F, 0xF81F, 0xF81F, 0xF81F, 0xF81F, 0xF81F, 0xF81F, 0xF81F, 0xF81F, 0xF81F, 0xF81F, 0xF81F,
    0xF81F, 0xF81F, 0xF81F, 0xF81F, 0xF81F, 0xF81F, 0xF81F, 0xF81F, 0xF81F, 0xF81F, 0xF81F, 0xF81F,
    0xF81F, 0xF81F, 0xF81F, 0xF81F, 0xF81F, 0xF81F, 0xF81F, 0xF81F, 0xF81F, 0xF81F, 0xF81F, 0xF81F,
    0xF81F, 0xF81F, 0xF81F, 0xF81F, 0xF81F, 0xF81F, 0xF81F, 0xF81F, 0xF81F, 0xF81F, 0xF81F, 0xF81F,
    0xF81F, 0xF81F, 0xF81F, 0xF81F, 0xF81F, 0xF81F, 0xF81F, 0xF81F, 0xF81F, 0xF81F, 0xF81F, 0xF81F,
    0xF81F, 0xF81F, 0xF81F, 0xF81F, 0xF81F, 0xF81F, 0xF81F, 0xF81F, 0xF81F, 0xF81F, 0xF81F, 0xF81F,
    0xF81F, 0xF81F, 0xF81F, 0xF81F, 0xF81F, 0xF81F, 0xF81F, 0xF81F, 0xF81F, 0xF81F, 0xF81F, 0xF81F,
    0xF81F, 0xF81F, 0xF81F, 0xF81F, 0xF81F, 0xF81F, 0xF81F, 0xF81F, 0xF81F, 0xF81F, 0xF81F, 0xF81F,
    0xF81F, 0xF81F, 0xF81F, 0xF81F, 0xF81F, 0xF81F, 0xF81F, 0xF81F, 0xF81F, 0xF81F, 0xF81F, 0xF81F,
    0xF81F, 0xF81F, 0xF81F, 0xF81F, 0xF81F, 0xF81F, 0xF81F, 0xF81F, 0xF81F, 0xF81F, 0xF81F, 0xF81F,
    0xF81F, 0xF81F, 0xF81F, 0xF81F, 0xF81F, 0xF81F, 0xF81F, 0xF81F, 0xF81F, 0xF81F, 0xF81F, 0xF81F,
    0xF81F, 0xF81F, 0xF81F, 0xF81F, 0xF81F, 0xF81F, 0xF81F, 0xF81F, 0xF81F, 0xF81F, 0xF81F, 0xF81F,
    0xF81F, 0xF81F, 0xF81F, 0xF81F, 0xF81F, 0xF81F, 0xF81F, 0xF81F, 0xF81F, 0xF81F, 0xF81F, 0xF81F,
    0xF81F, 0xF81F, 0xF81F, 0xF81F, 0xF81F, 0xF81F, 0xF81F, 0xF81F, 0xF81F, 0xF81F, 0xF81F, 0xF81F,
    0xF81F, 0xF81F, 0xF81F, 0xF81F, 0xF81F, 0xF81F, 0xF81F, 0xF81F, 0xF81F, 0xF81F, 0xF81F, 0xF81F,
    0xF81F, 0xF81F, 0xF81F, 0xF81F, 0xF81F, 0xF81F, 0xF81F, 0xF81F, 0xF81F, 0xF81F, 0xF81F, 0xF81F,
    0xF81F, 0xF81F, 0xF81F, 0xF81F, 0xF81F, 0xF81F, 0xF81F, 0xF81F, 0xF81F, 0xF81F, 0xF81F, 0xF81F,
    0xF81F, 0xF81F, 0xF81F, 0xF81F, 0xF81F, 0xF81F, 0xF81F, 0xF81F, 0xF81F, 0xF81F, 0xF81F, 0xF81F,
    0xF81F, 0xF81F, 0xF81F, 0xF81F, 0xF81F, 0xF81F, 0xF81F, 0xF81F, 0xF81F, 0xF81F, 0xF81F, 0xF81F,
    0xF81F, 0xF81F, 0xF81F, 0xF81F, 0xF81F, 0xF81F, 0xF81F, 0xF81F, 0xF81F, 0xF81F, 0xF81F, 0xF81F,
    0xF81F, 0xF81F, 0xF81F, 0xF81F, 0xF81F, 0xF81F, 0xF81F, 0xF81F, 0xF81F, 0xF81F, 0xF81F, 0xF81F,
    0xF81F, 0xF81F, 0xF81F, 0xF81F, 0xF81F, 0x31DC, 0x21FB, 0x221B, 0x221C, 0x221C, 0x221C, 0x221C,
    0x221C, 0x221C, 0x221C, 0x221C, 0x221C, 0x221C, 0x221C, 0x221C, 0x221C, 0x221C, 0x221C, 0x221C,
    0x221C, 0x221C, 0x221C, 0x221C, 0x221C, 0x221C, 0x221C, 0x221C, 0x221C, 0x221C, 0x221C, 0x221C,
    0x221C, 0x221C, 0x221C, 0x221C, 0x221B, 0x21FB, 0x31DC, 0xF81F, 0xF81F, 0xF81F, 0xF81F, 0xF81F,
    0xF81F, 0xF81F, 0xF81F, 0xF81F, 0xF81F, 0xF81F, 0xF81F, 0xF81F, 0xF81F, 0xF81F, 0xF81F, 0xF81F,
    0xF81F, 0xF81F, 0xF81F, 0xF81F, 0xF81F, 0xF81F, 0x39DC, 0x21FC, 0x223D, 0x1A3C, 0x1A1B, 0x1A1B,
    0x1A1B, 0x1A1B, 0x1A1B, 0x1A1B, 0x1A1B, 0x1A1B, 0x1A1B, 0x1A1B, 0x1A1B, 0x1A1B, 0x1A1B, 0x1A1B,
    0x1A1B, 0x1A1B, 0x1A1B, 0x1A1B, 0x1A1B, 0x1A1B, 0x1A1B, 0x1A1B, 0x1A1B, 0x1A1B, 0x1A1B, 0x19FB,
    0x19FB, 0x1A1B, 0x1A1B, 0x1A1B, 0x1A1B, 0x1A1B, 0x1A1B, 0x1A1B, 0x1A1B, 0x1A1B, 0x1A3C, 0x223D,
    0x221C, 0xF81F, 0xF81F, 0xF81F, 0xF81F, 0xF81F, 0xF81F, 0xF81F, 0xF81F, 0xF81F, 0xF81F, 0xF81F,
    0xF81F, 0xF81F, 0xF81F, 0xF81F, 0xF81F, 0xF81F, 0xF81F, 0xF81F, 0xF81F, 0x29FC, 0x223D, 0x1A1B,
    0x19FB, 0x19FB, 0x19FB, 0x1A1B, 0x1A1B, 0x1A1B, 0x1A1B, 0x1A1B, 0x221B, 0x1A1B, 0x1A1B, 0x1A1B,
    0x1A1B, 0x1A1B, 0x221B, 0x1A1B, 0x1A1B, 0x1A1B, 0x1A1B, 0x1A1B, 0x1A1B, 0x1A1B, 0x1A1B, 0x1A1B,
    0x1A1B, 0x1A1B, 0x1A1B, 0x1A1B, 0x1A1B, 0x1A1B, 0x1A1B, 0x1A1B, 0x1A1B, 0x1A1B, 0x1A1B, 0x1A1B,
    0x1A1B, 0x1A1B, 0x19FB, 0x1A1B, 0x1A1B, 0x223D, 0x29FC, 0xF81F, 0xF81F, 0xF81F, 0xF81F, 0xF81F,
    0xF81F, 0xF81F, 0xF81F, 0xF81F, 0xF81F, 0xF81F, 0xF81F, 0xF81F, 0xF81F, 0xF81F, 0xF81F, 0xF81F,
    0x29FC, 0x1A1C, 0x19FB, 0x19FB, 0x19FB, 0x19FB, 0x19FB, 0x1A1B, 0x1A1B, 0x1A1B, 0x1A1B, 0x1A1B,
    0x1A1B, 0x1A1B, 0x1A1B, 0x1A1B, 0x1A1B, 0x1A1B, 0x1A1B, 0x1A1B, 0x19FB, 0x19FB, 0x1A1B, 0x19FB,
    0x1A1B, 0x1A1B, 0x1A1B, 0x19FB, 0x19FB, 0x1A1B, 0x1A1B, 0x1A1B, 0x1A1B, 0x19FB, 0x19FB, 0x19FB,
    0x19FB, 0x1A1B, 0x1A1B, 0x1A1B, 0x1A1B, 0x1A1B, 0x1A1B, 0x1A1B, 0x1A1B, 0x1A1A, 0x223C, 0x29FC,
    0xF81F, 0xF81F, 0xF81F, 0xF81F, 0xF81F, 0xF81F, 0xF81F, 0xF81F, 0xF81F, 0xF81F, 0xF81F, 0xF81F,
    0xF81F, 0xF81F, 0xF81F, 0x29FC, 0x1A1B, 0x19FA, 0x1A1B, 0x19FB, 0x19FB, 0x19FB, 0x19FB, 0x1A1B,
    0x1A1B, 0x19FB, 0x1A1B, 0x1A1B, 0x1A1B, 0x1A1B, 0x1A1B, 0x1A1B, 0x1A1B, 0x1A1B, 0x1A1B, 0x19FB,
    0x19FB, 0x19FB, 0x1A1B, 0x1A1B, 0x1A1B, 0x1A1B, 0x1A1B, 0x1A1B, 0x19FB, 0x19FB, 0x1A1B, 0x1A1B,
    0x1A1B, 0x19FB, 0x19FB, 0x19FB, 0x19FB, 0x19FB, 0x1A1B, 0x1A1B, 0x1A1B, 0x1A1B, 0x1A1B, 0x1A1B,
    0x1A1B, 0x1A1B, 0x19FB, 0x1A1B, 0x29FC, 0xF81F, 0xF81F, 0xF81F, 0xF81F, 0xF81F, 0xF81F, 0xF81F,
    0xF81F, 0xF81F, 0xF81F, 0xF81F, 0xF81F, 0xF81F, 0x29DB, 0x1A1C, 0x19FB, 0x1A1B, 0x1A1B, 0x1A1B,
    0x19FB, 0x19FB, 0x19FB, 0x19FB, 0x1A1B, 0x19FB, 0x19FB, 0x1A1B, 0x1A1B, 0x1A1B, 0x1A1B, 0x1A1B,
    0x19FB, 0x19FB, 0x19FB, 0x1A1B, 0x1A1B, 0x19FB, 0x1A1B, 0x1A1B, 0x1A1B, 0x1A1B, 0x1A1B, 0x1A1B,
    0x1A1B, 0x1A1B, 0x1A1B, 0x1A1B, 0x1A1B, 0x19FB, 0x1A1B, 0x1A1B, 0x19FB, 0x19FB, 0x1A1B, 0x1A1B,
    0x1A1B, 0x1A1B, 0x1A1B, 0x1A1B, 0x19FB, 0x19FB, 0x19FB, 0x19FA, 0x1A1C, 0x29DB, 0xF81F, 0xF81F,
    0xF81F, 0xF81F, 0xF81F, 0xF81F, 0xF81F, 0xF81F, 0xF81F, 0xF81F, 0xF81F, 0xF81F, 0x223D, 0x19FA,
    0x1A1B, 0x19FB, 0x19FB, 0x1A1B, 0x1A1B, 0x19FB, 0x1A1B, 0x1A1B, 0x19FB, 0x1A1B, 0x1A1B, 0x1A1B,
    0x1A1B, 0x1A1B, 0x1A1B, 0x1A1B, 0x19FB, 0x19FB, 0x19FB, 0x1A1B, 0x1A1B, 0x1A1B, 0x1A1B, 0x1A1B,
    0x1A1B, 0x19FB, 0x19FB, 0x1A1B, 0x1A1B, 0x1A1B, 0x1A1B, 0x1A1B, 0x1A1B, 0x1A1B, 0x19FB, 0x1A1B,
    0x19FB, 0x19FB, 0x19FB, 0x1A1B, 0x1A1B, 0x1A1B, 0x19FB, 0x19FB, 0x19FB, 0x19FB, 0x19FB, 0x19FB,
    0x19FA, 0x221D, 0xF81F, 0xF81F, 0xF81F, 0xF81F, 0xF81F, 0xF81F, 0xF81F, 0xF81F, 0xF81F, 0xF81F,
    0xF81F, 0x21FB, 0x1A1B, 0x19FB, 0x1A1B, 0x19FB, 0x19FB, 0x19FB, 0x19FB, 0x19FB, 0x1A1B, 0x1A1B,
    0x1A1B, 0x1A1B, 0x1A1B, 0x1A1B, 0x1A1B, 0x19FB, 0x19FB, 0x1A1B, 0x1A1B, 0x19FB, 0x19FB, 0x19FB,
    0x1A1B, 0x1A1B, 0x221B, 0x1A1B, 0x1A1B, 0x221B, 0x1A1B, 0x1A1B, 0x1A1B, 0x1A1B, 0x1A1B, 0x1A1B,
    0x1A1B, 0x1A1B, 0x1A1B, 0x1A1B, 0x1A1B, 0x1A1B, 0x1A1B, 0x1A1B, 0x19FB, 0x19FB, 0x19FB, 0x19FB,
    0x19FB, 0x19FB, 0x19FB, 0x19FB, 0x19FB, 0x1A1B, 0x29FB, 0xF81F, 0xF81F, 0xF81F, 0xF81F, 0xF81F,
    0xF81F, 0xF81F, 0xF81F, 0xF81F, 0xF81F, 0x221D, 0x19FA, 0x19FB, 0x1A1B, 0x1A1B, 0x19FB, 0x19FB,
    0x19FB, 0x19FB, 0x1A1B, 0x1A1B, 0x1A1B, 0x19FB, 0x1A1B, 0x1A1B, 0x19FB, 0x19FB, 0x19FB, 0x19FB,
    0x19FB, 0x19FB, 0x19FB, 0x1A1B, 0x221B, 0x221B, 0x11BA, 0x19FA, 0x19FA, 0x11BA, 0x221B, 0x221B,
    0x19FB, 0x1A1B, 0x1A1B, 0x1A1B, 0x1A1B, 0x1A1B, 0x1A1B, 0x1A1B, 0x1A1B, 0x1A1B, 0x19FB, 0x19FB,
    0x19FB, 0x19FB, 0x19FB, 0x19FB, 0x19FB, 0x19FB, 0x19FB, 0x19FB, 0x19FB, 0x19FA, 0x221D, 0xF81F,
    0xF81F, 0xF81F, 0xF81F, 0xF81F, 0xF81F, 0xF81F, 0xF81F, 0xF81F, 0x31DB, 0x1A1C, 0x19FB, 0x19FB,
    0x1A1B, 0x19FB, 0x1A1B, 0x1A1B, 0x1A1B, 0x1A1B, 0x1A1B, 0x19FB, 0x19FB, 0x19FB, 0x19FB, 0x19FB,
    0x19FB, 0x19FB, 0x19FB, 0x19FB, 0x19FB, 0x19FB, 0x1A1B, 0x221B, 0x19DB, 0x119A, 0x4B3C, 0xCE9E,
    0xCE9E, 0x535B, 0x119A, 0x11DA, 0x221B, 0x1A1B, 0x19FB, 0x19FB, 0x19FB, 0x19FB, 0x19FB, 0x1A1B,
    0x1A1B, 0x19FB, 0x19FB, 0x19FB, 0x19FB, 0x19FB, 0x19FB, 0x19FB, 0x19FB, 0x19FB, 0x19FB, 0x1A1B,
    0x1A1B, 0x19FB, 0x1A1C, 0x29DB, 0xF81F, 0xF81F, 0xF81F, 0xF81F, 0xF81F, 0xF81F, 0xF81F, 0xF81F,
    0x21FB, 0x1A1B, 0x19FB, 0x1A1B, 0x19FB, 0x19FB, 0x19FB, 0x1A1B, 0x1A1B, 0x1A1B, 0x1A1B, 0x19FB,
    0x1A1B, 0x1A1B, 0x1A1B, 0x19FB, 0x19FB, 0x19FB, 0x19FB, 0x19FB, 0x19FB, 0x221B, 0x19FB, 0x099A,
    0x329B, 0xA59E, 0xFFFF, 0xFFFF, 0xFFFF, 0xFFFF, 0xADBD, 0x3ABB, 0x099A, 0x19FB, 0x221B, 0x19FB,
    0x19FB, 0x19FB, 0x19FB, 0x19FB, 0x19FB, 0x19FB, 0x19FB, 0x19FB, 0x19FB, 0x19FB, 0x19FB, 0x19FB,
    0x19FB, 0x19FB, 0x1A1B, 0x1A1B, 0x1A1B, 0x19FB, 0x1A1B, 0x21FB, 0xF81F, 0xF81F, 0xF81F, 0xF81F,
    0xF81F, 0xF81F, 0xF81F, 0xF81F, 0x29FC, 0x19FB, 0x19FB, 0x19FB, 0x19FB, 0x19FB, 0x1A1B, 0x1A1B,
    0x1A1B, 0x1A1B, 0x1A1B, 0x19FB, 0x19FB, 0x19FB, 0x1A1B, 0x19FB, 0x19FB, 0x1A1B, 0x1A1B, 0x221B,
    0x221B, 0x119A, 0x21FB, 0x849D, 0xEF9F, 0xFFFF, 0xFFFF, 0xFFDF, 0xFFDF, 0xFFFF, 0xFFFF, 0xF7BF,
    0x94FD, 0x2A3B, 0x119A, 0x19FB, 0x221B, 0x19FB, 0x19FB, 0x19FB, 0x19FB, 0x19FB, 0x19FB, 0x19FB,
    0x19FB, 0x19FB, 0x19FB, 0x19FB, 0x19FB, 0x19FB, 0x19FB, 0x1A1B, 0x1A1B, 0x1A1B, 0x1A1B, 0x21FB,
    0xF81F, 0xF81F, 0xF81F, 0xF81F, 0xF81F, 0xF81F, 0xF81F, 0xF81F, 0x221C, 0x1A1A, 0x1A1B, 0x19FB,
    0x19FB, 0x1A1B, 0x1A1B, 0x1A1B, 0x19FB, 0x19FB, 0x19FB, 0x19FB, 0x19FB, 0x19FB, 0x1A1B, 0x1A1B,
    0x19FB, 0x221B, 0x221B, 0x11DA, 0x11BA, 0x63BC, 0xD6DF, 0xFFFF, 0xFFFF, 0xFFDF, 0xFFFF, 0xFFFF,
    0xFFFF, 0xFFFF, 0xFFDF, 0xFFFF, 0xFFFF, 0xE73F, 0x743C, 0x19DA, 0x11BA, 0x221B, 0x221B, 0x19FB,
    0x19FB, 0x19FB, 0x19FB, 0x19FB, 0x19FB, 0x1A1B, 0x19FB, 0x1A1B, 0x19FB, 0x19FB, 0x19FB, 0x1A1B,
    0x1A1B, 0x1A1B, 0x1A1A, 0x2A1C, 0xF81F, 0xF81F, 0xF81F, 0xF81F, 0xF81F, 0xF81F, 0xF81F, 0xF81F,
    0x221C, 0x19FB, 0x1A1B, 0x19FB, 0x1A1B, 0x221B, 0x1A1B, 0x1A1B, 0x1A1B, 0x1A1B, 0x1A1B, 0x19FB,
    0x19FB, 0x19FB, 0x19FB, 0x1A1B, 0x221B, 0x19FB, 0x119A, 0x42FB, 0xBE1E, 0xFFFF, 0xFFFF, 0xFFDF,
    0xFFFF, 0xFFFF, 0xFFFF, 0xFFFF, 0xFFFF, 0xFFFF, 0xFFFF, 0xFFFF, 0xFFDF, 0xFFFF, 0xFFFF, 0xCEBE,
    0x5B7C, 0x11BA, 0x11DA, 0x221B, 0x1A1B, 0x19FB, 0x19FB, 0x19FB, 0x19FB, 0x19FB, 0x19FB, 0x19FB,
    0x19FB, 0x19FB, 0x19FB, 0x19FB, 0x1A1B, 0x1A1B, 0x1A1B, 0x2A1C, 0xF81F, 0xF81F, 0xF81F, 0xF81F,
    0xF81F, 0xF81F, 0xF81F, 0xF81F, 0x221C, 0x19FA, 0x19FB, 0x19FB, 0x1A1B, 0x1A1B, 0x1A1B, 0x1A1B,
    0x19FB, 0x19FB, 0x19FB, 0x19FB, 0x1A1B, 0x19FB, 0x221B, 0x19FB, 0x099A, 0x2A7B, 0x9D5D, 0xFFDF,
    0xFFFF, 0xFFDF, 0xFFDF, 0xFFFF, 0xFFFF, 0xFFFF, 0xFFFF, 0xFFFF, 0xFFFF, 0xFFFF, 0xFFFF, 0xFFFF,
    0xFFFF, 0xFFFF, 0xFFDF, 0xFFFF, 0xFFFF, 0xB5FE, 0x42DB, 0x099A, 0x19FB, 0x221B, 0x19FB, 0x19FB,
    0x19FB, 0x19FB, 0x19FB, 0x19FB, 0x19FB, 0x19FB, 0x1A1B, 0x19FB, 0x19FB, 0x19FB, 0x1A1B, 0x2A1C,
    0xF81F, 0xF81F, 0xF81F, 0xF81F, 0xF81F, 0xF81F, 0xF81F, 0xF81F, 0x221C, 0x19FB, 0x19FB, 0x19FB,
    0x1A1B, 0x1A1B, 0x1A1B, 0x19FB, 0x19FB, 0x19FB, 0x19FB, 0x19FB, 0x221B, 0x221B, 0x11BA, 0x19FA,
    0x7C7D, 0xEF7F, 0xFFFF, 0xFFFF, 0xFFDF, 0xFFFF, 0xFFFF, 0xFFFF, 0xFFFF, 0xFFFF, 0xFFFF, 0xFFFF,
    0xFFFF, 0xFFFF, 0xFFFF, 0xFFFF, 0xFFFF, 0xFFFF, 0xFFFF, 0xFFDF, 0xFFDF, 0xFFFF, 0xF7DF, 0x953D,
    0x2A5B, 0x099A, 0x19FB, 0x221B, 0x19FB, 0x19FB, 0x1A1B, 0x1A1B, 0x19FB, 0x1A1B, 0x1A1B, 0x19FB,
    0x19FB, 0x1A1B, 0x1A1B, 0x2A1C, 0xF81F, 0xF81F, 0xF81F, 0xF81F, 0xF81F, 0xF81F, 0xF81F, 0xF81F,
    0x221C, 0x19FA, 0x19FB, 0x1A1B, 0x19FB, 0x19FB, 0x1A1B, 0x19FB, 0x19FB, 0x19FB, 0x19FB, 0x221B,
    0x11BA, 0x11BA, 0x5B9C, 0xD6DE, 0xFFFF, 0xFFFF, 0xFFDF, 0xFFFF, 0xFFFF, 0xFFFF, 0xFFFF, 0xFFFF,
    0xFFFF, 0xFFFF, 0xFFFF, 0xFFFF, 0xFFFF, 0xFFFF, 0xFFFF, 0xFFFF, 0xFFFF, 0xFFFF, 0xFFFF, 0xFFFF,
    0xFFFF, 0xFFDF, 0xFFFF, 0xFFFF, 0xE75F, 0x743C, 0x19DA, 0x11BA, 0x19FB, 0x19FB, 0x1A1B, 0x1A1B,
    0x19FB, 0x1A1B, 0x1A1B, 0x19FB, 0x19FB, 0x1A1B, 0x1A1B, 0x2A1C, 0xF81F, 0xF81F, 0xF81F, 0xF81F,
    0xF81F, 0xF81F, 0xF81F, 0xF81F, 0x21FC, 0x19FA, 0x19FB, 0x1A1B, 0x1A1B, 0x19FB, 0x19FB, 0x19FB,
    0x19FB, 0x19FB, 0x221B, 0x19DA, 0x42DB, 0xB5FE, 0xFFFF, 0xFFFF, 0xFFDF, 0xFFFF, 0xFFFF, 0xFFFF,
    0xFFFF, 0xFFFF, 0xFFFF, 0xFFFF, 0xFFFF, 0xFFFF, 0xFFFF, 0xFFFF, 0xFFFF, 0xFFFF, 0xFFFF, 0xFFFF,
    0xFFFF, 0xFFFF, 0xFFFF, 0xFFFF, 0xFFFF, 0xFFFF, 0xFFFF, 0xFFDF, 0xFFFF, 0xFFFF, 0xC67E, 0x4B3B,
    0x19DA, 0x1A1B, 0x19FB, 0x19FB, 0x19FB, 0x19FB, 0x19FB, 0x19FB, 0x19FB, 0x1A1B, 0x1A1B, 0x2A1C,
    0xF81F, 0xF81F, 0xF81F, 0xF81F, 0xF81F, 0xF81F, 0xF81F, 0xF81F, 0x221C, 0x19FA, 0x19FB, 0x1A1B,
    0x1A1B, 0x19FB, 0x19FB, 0x1A1B, 0x19FB, 0x221B, 0x11BA, 0x63FC, 0xFFDF, 0xFFFF, 0xFFDF, 0xFFDF,
    0xFFFF, 0xFFFF, 0xFFFF, 0xFFFF, 0xFFFF, 0xFFFF, 0xFFFF, 0xFFFF, 0xFFFF, 0xFFFF, 0xFFFF, 0xFFFF,
    0xFFFF, 0xFFFF, 0xFFFF, 0xFFFF, 0xFFFF, 0xFFFF, 0xFFFF, 0xFFFF, 0xFFFF, 0xFFFF, 0xFFFF, 0xFFFF,
    0xFFDF, 0xFFDF, 0xFFFF, 0xF7DF, 0x539C, 0x11BA, 0x221B, 0x19FB, 0x19FB, 0x19FB, 0x1A1B, 0x1A1B,
    0x19FB, 0x19FB, 0x19FA, 0x2A1C, 0xF81F, 0xF81F, 0xF81F, 0xF81F, 0xF81F, 0xF81F, 0xF81F, 0xF81F,
    0x221C, 0x19FA, 0x19FB, 0x1A1B, 0x19FB, 0x1A1B, 0x1A1B, 0x1A1B, 0x19FB, 0x221B, 0x11BA, 0x7CDD,
    0xE79F, 0xE77F, 0xFFFF, 0xFFFF, 0xFFFF, 0xFFFF, 0xFFFF, 0xFFFF, 0xFFFF, 0xFFFF, 0xFFFF, 0xFFFF,
    0xFFFF, 0xFFFF, 0xFFFF, 0xFFFF, 0xFFFF, 0xFFFF, 0xFFFF, 0xFFFF, 0xFFFF, 0xFFFF, 0xFFFF, 0xFFFF,
    0xFFFF, 0xFFFF, 0xFFFF, 0xFFFF, 0xFFFF, 0xFFFF, 0xC6DF, 0x961F, 0x4BDD, 0x11BA, 0x221B, 0x19FB,
    0x19FB, 0x19FB, 0x19FB, 0x1A1B, 0x1A1B, 0x19FB, 0x1A1A, 0x2A1C, 0xF81F, 0xF81F, 0xF81F, 0xF81F,
    0xF81F, 0xF81F, 0xF81F, 0xF81F, 0x221C, 0x19FA, 0x19FB, 0x19FB, 0x1A1B, 0x1A1B, 0x1A1B, 0x1A1B,
    0x19FB, 0x221B, 0x11BA, 0x7C9D, 0xDF5F, 0xCEFF, 0xDF3F, 0xF7DF, 0xFFFF, 0xFFFF, 0xFFFF, 0xFFFF,
    0xFFFF, 0xFFFF, 0xFFFF, 0xFFFF, 0xFFFF, 0xFFFF, 0xFFFF, 0xFFFF, 0xFFFF, 0xFFFF, 0xFFFF, 0xFFFF,
    0xFFFF, 0xFFFF, 0xFFFF, 0xFFFF, 0xFFFF, 0xFFFF, 0xFFFF, 0xFFFF, 0xDF5F, 0x961F, 0x755F, 0x85DF,
    0x4BDD, 0x11BA, 0x221B, 0x1A1B, 0x1A1B, 0x1A1B, 0x1A1B, 0x1A1B, 0x1A1B, 0x19FB, 0x1A1B, 0x2A1C,
    0xF81F, 0xF81F, 0xF81F, 0xF81F, 0xF81F, 0xF81F, 0xF81F, 0xF81F, 0x21FC, 0x19FA, 0x19FB, 0x19FB,
    0x1A1B, 0x1A1B, 0x1A1B, 0x1A1B, 0x19FB, 0x221B, 0x119A, 0x7C9D, 0xDF7F, 0xCEFF, 0xCEFF, 0xCF1F,
    0xE77F, 0xFFDF, 0xFFFF, 0xFFFF, 0xFFFF, 0xFFFF, 0xFFFF, 0xFFFF, 0xFFFF, 0xFFFF, 0xFFFF, 0xFFFF,
    0xFFFF, 0xFFFF, 0xFFFF, 0xFFFF, 0xFFFF, 0xFFFF, 0xFFFF, 0xFFFF, 0xFFFF, 0xFFFF, 0xEFBF, 0xAE7F,
    0x7D9F, 0x7D9F, 0x7D9F, 0x85FF, 0x4BDD, 0x11BA, 0x221B, 0x1A1B, 0x1A1B, 0x1A1B, 0x1A1B, 0x1A1B,
    0x19FB, 0x19FB, 0x1A1B, 0x2A1C, 0xF81F, 0xF81F, 0xF81F, 0xF81F, 0xF81F, 0xF81F, 0xF81F, 0xF81F,
    0x221C, 0x19FA, 0x19FB, 0x19FB, 0x19FB, 0x1A1B, 0x1A1B, 0x19FB, 0x19FB, 0x221B, 0x119A, 0x7C9D,
    0xDF7F, 0xCEFF, 0xD71F, 0xCF1F, 0xCEFF, 0xD71F, 0xEF9F, 0xFFFF, 0xFFFF, 0xFFFF, 0xFFFF, 0xFFFF,
    0xFFFF, 0xFFFF, 0xFFFF, 0xFFFF, 0xFFFF, 0xFFFF, 0xFFFF, 0xFFFF, 0xFFFF, 0xFFFF, 0xFFFF, 0xFFFF,
    0xFFFF, 0xC6DF, 0x85BF, 0x757F, 0x7DBF, 0x85BF, 0x7D9F, 0x85FF, 0x4BDD, 0x11BA, 0x221B, 0x1A1B,
    0x1A1B, 0x1A1B, 0x1A1B, 0x19FB, 0x19FB, 0x19FB, 0x1A1B, 0x2A1C, 0xF81F, 0xF81F, 0xF81F, 0xF81F,
    0xF81F, 0xF81F, 0xF81F, 0xF81F, 0x221C, 0x19FA, 0x19FB, 0x19FB, 0x19FB, 0x19FB, 0x19FB, 0x19FB,
    0x19FB, 0x221B, 0x119A, 0x7C9D, 0xDF7F, 0xCEFF, 0xCF1F, 0xCF1F, 0xD71F, 0xCF1F, 0xCEFF, 0xD73F,
    0xF7BF, 0xFFFF, 0xFFFF, 0xFFFF, 0xFFFF, 0xFFFF, 0xFFFF, 0xFFFF, 0xFFFF, 0xFFFF, 0xFFFF, 0xFFFF,
    0xFFFF, 0xFFFF, 0xFFFF, 0xD73F, 0x95FF, 0x757F, 0x7D9F, 0x85BF, 0x7DBF, 0x7DBF, 0x7D9F, 0x85FF,
    0x4BDD, 0x11BA, 0x221B, 0x1A1B, 0x1A1B, 0x1A1B, 0x1A1B, 0x1A1B, 0x1A1B, 0x19FB, 0x19FA, 0x2A1C,
    0xF81F, 0xF81F, 0xF81F, 0xF81F, 0xF81F, 0xF81F, 0xF81F, 0xF81F, 0x21FC, 0x19FB, 0x19FB, 0x19FB,
    0x19FB, 0x19FB, 0x19FB, 0x19FB, 0x19FB, 0x221B, 0x119A, 0x7C9D, 0xDF7F, 0xCEFF, 0xD71F, 0xD71F,
    0xCF1F, 0xD71F, 0xD71F, 0xCF1F, 0xCEFF, 0xDF5F, 0xF7DF, 0xFFFF, 0xFFFF, 0xFFFF, 0xFFFF, 0xFFFF,
    0xFFFF, 0xFFFF, 0xFFFF, 0xFFFF, 0xFFFF, 0xE79F, 0xA65F, 0x757F, 0x7D9F, 0x7DBF, 0x7DBF, 0x7DBF,
    0x7DBF, 0x7DBF, 0x7D9F, 0x85FF, 0x4BDD, 0x11BA, 0x221B, 0x1A1B, 0x1A1B, 0x1A1B, 0x1A1B, 0x1A1B,
    0x1A1B, 0x1A1B, 0x1A1A, 0x2A1C, 0xF81F, 0xF81F, 0xF81F, 0xF81F, 0xF81F, 0xF81F, 0xF81F, 0xF81F,
    0x21FC, 0x19FB, 0x19FB, 0x19FB, 0x19FB, 0x19FB, 0x19FB, 0x19FB, 0x19FB, 0x221B, 0x119A, 0x7C9D,
    0xDF7F, 0xCEFF, 0xCF1F, 0xD71F, 0xD71F, 0xD71F, 0xD71F, 0xD71F, 0xD71F, 0xCEFF, 0xD71F, 0xE77F,
    0xFFFF, 0xFFFF, 0xFFFF, 0xFFFF, 0xFFFF, 0xFFFF, 0xFFFF, 0xF7DF, 0xB6BF, 0x7DBF, 0x759F, 0x7DBF,
    0x7DBF, 0x7D9F, 0x7DBF, 0x7DBF, 0x7DBF, 0x7DBF, 0x7D9F, 0x85FF, 0x4BDD, 0x11BA, 0x221B, 0x1A1B,
    0x1A1B, 0x1A1B, 0x1A1B, 0x1A1B, 0x1A1B, 0x19FB, 0x1A1B, 0x2A1C, 0xF81F, 0xF81F, 0xF81F, 0xF81F,
    0xF81F, 0xF81F, 0xF81F, 0xF81F, 0x21FC, 0x19FB, 0x19FB, 0x19FB, 0x19FB, 0x19FB, 0x19FB, 0x19FB,
    0x19FB, 0x221B, 0x119A, 0x7C9D, 0xDF7F, 0xCEFF, 0xCF1F, 0xCF1F, 0xCF1F, 0xD71F, 0xD71F, 0xD71F,
    0xD71F, 0xD71F, 0xCF1F, 0xCEFF, 0xD71F, 0xEF9F, 0xFFFF, 0xFFFF, 0xFFFF, 0xFFFF, 0xCF1F, 0x8DDF,
    0x757F, 0x7DBF, 0x85BF, 0x7DBF, 0x7D9F, 0x7D9F, 0x7D9F, 0x7DBF, 0x7DBF, 0x7DBF, 0x7D9F, 0x85FF,
    0x4BDD, 0x11BA, 0x221B, 0x1A1B, 0x1A1B, 0x1A1B, 0x1A1B, 0x1A1B, 0x1A1B, 0x19FB, 0x19FA, 0x2A1C,
    0xF81F, 0xF81F, 0xF81F, 0xF81F, 0xF81F, 0xF81F, 0xF81F, 0xF81F, 0x21FC, 0x19FB, 0x19FB, 0x19FB,
    0x19FB, 0x19FB, 0x1A1B, 0x19FB, 0x19FB, 0x221B, 0x119A, 0x7C9D, 0xDF7F, 0xCEFF, 0xCF1F, 0xCF1F,
    0xCF1F, 0xCF1F, 0xCF1F, 0xD71F, 0xD71F, 0xD71F, 0xD71F, 0xD71F, 0xCF1F, 0xCEFF, 0xDF3F, 0xF7DF,
    0xDF7F, 0x9E3F, 0x757F, 0x7D9F, 0x85BF, 0x7DBF, 0x7DBF, 0x7DBF, 0x7DBF, 0x7DBF, 0x7D9F, 0x7DBF,
    0x7DBF, 0x7DBF, 0x7D9F, 0x85FF, 0x4BDD, 0x11BA, 0x221B, 0x1A1B, 0x1A1B, 0x1A1B, 0x1A1B, 0x1A1B,
    0x1A1B, 0x19FB, 0x19FA, 0x2A1C, 0xF81F, 0xF81F, 0xF81F, 0xF81F, 0xF81F, 0xF81F, 0xF81F, 0xF81F,
    0x221C, 0x1A1B, 0x1A1B, 0x19FB, 0x19FB, 0x1A1B, 0x1A1B, 0x19FB, 0x19FB, 0x221B, 0x119A, 0x7C9D,
    0xDF7F, 0xCEFF, 0xCF1F, 0xCF1F, 0xCF1F, 0xCF1F, 0xD71F, 0xD71F, 0xD71F, 0xD71F, 0xD71F, 0xD71F,
    0xCF1F, 0xD71F, 0xCEFF, 0xCEFF, 0x85BF, 0x757F, 0x85BF, 0x7DBF, 0x7DBF, 0x7DBF, 0x7DBF, 0x7DBF,
    0x7DBF, 0x7DBF, 0x7DBF, 0x7DBF, 0x7DBF, 0x7DBF, 0x7D9F, 0x85FF, 0x4BDD, 0x11BA, 0x221B, 0x1A1B,
    0x1A1B, 0x1A1B, 0x1A1B, 0x1A1B, 0x1A1B, 0x19FB, 0x1A1A, 0x2A1C, 0xF81F, 0xF81F, 0xF81F, 0xF81F,
    0xF81F, 0xF81F, 0xF81F, 0xF81F, 0x221C, 0x19FB, 0x19FB, 0x1A1B, 0x1A1B, 0x1A1B, 0x1A1B, 0x19FB,
    0x19FB, 0x221B, 0x119A, 0x7C9D, 0xDF7F, 0xCEFF, 0xCF1F, 0xCF1F, 0xCF1F, 0xCF1F, 0xD71F, 0xD71F,
    0xD71F, 0xD71F, 0xD71F, 0xD71F, 0xD71F, 0xCF1F, 0xD71F, 0xCEFF, 0x85BF, 0x7DBF, 0x7DBF, 0x7DBF,
    0x7DBF, 0x7DBF, 0x7D9F, 0x7D9F, 0x7DBF, 0x7DBF, 0x7DBF, 0x7DBF, 0x7DBF, 0x7DBF, 0x7D9F, 0x85FF,
    0x4BDD, 0x11BA, 0x221B, 0x1A1B, 0x1A1B, 0x1A1B, 0x1A1B, 0x1A1B, 0x1A1B, 0x1A1B, 0x1A1B, 0x2A1C,
    0xF81F, 0xF81F, 0xF81F, 0xF81F, 0xF81F, 0xF81F, 0xF81F, 0xF81F, 0x221C, 0x19FB, 0x19FB, 0x1A1B,
    0x19FB, 0x1A1B, 0x19FB, 0x1A1B, 0x19FB, 0x221B, 0x119A, 0x7C9D, 0xDF7F, 0xCEFF, 0xCF1F, 0xCF1F,
    0xCF1F, 0xD71F, 0xD71F, 0xD71F, 0xD71F, 0xD71F, 0xCF1F, 0xCF1F, 0xCF1F, 0xCF1F, 0xD71F, 0xCEFF,
    0x85BF, 0x7D9F, 0x7DBF, 0x7DBF, 0x7DBF, 0x7DBF, 0x7D9F, 0x7D9F, 0x7DBF, 0x7DBF, 0x7DBF, 0x7DBF,
    0x7DBF, 0x7DBF, 0x7D9F, 0x85FF, 0x4BDD, 0x19BA, 0x221B, 0x1A1B, 0x1A1B, 0x1A1B, 0x1A1B, 0x1A1B,
    0x221B, 0x221B, 0x1A1B, 0x2A1C, 0xF81F, 0xF81F, 0xF81F, 0xF81F, 0xF81F, 0xF81F, 0xF81F, 0xF81F,
    0x21FC, 0x19FB, 0x19FB, 0x19FB, 0x19FB, 0x1A1B, 0x19FB, 0x1A1B, 0x1A1B, 0x221B, 0x119A, 0x7C9D,
    0xDF7F, 0xCEFF, 0xCF1F, 0xCF1F, 0xCF1F, 0xD71F, 0xCF1F, 0xD71F, 0xD71F, 0xD71F, 0xD71F, 0xD71F,
    0xCF1F, 0xCF1F, 0xD71F, 0xCEFF, 0x85BF, 0x7D9F, 0x7DBF, 0x7DBF, 0x7DBF, 0x7DBF, 0x7DBF, 0x7DBF,
    0x7DBF, 0x7DBF, 0x7DBF, 0x7DBF, 0x7DBF, 0x7DBF, 0x7D9F, 0x85FF, 0x4BDD, 0x11BA, 0x221B, 0x1A1B,
    0x1A1B, 0x1A1B, 0x1A1B, 0x1A1B, 0x1A1B, 0x1A1B, 0x1A1B, 0x2A1C, 0xF81F, 0xF81F, 0xF81F, 0xF81F,
    0xF81F, 0xF81F, 0xF81F, 0xF81F, 0x221C, 0x19FB, 0x19FB, 0x1A1B, 0x1A1B, 0x1A1B, 0x1A1B, 0x1A1B,
    0x19FB, 0x221B, 0x119A, 0x7C9D, 0xDF7F, 0xCEFF, 0xCF1F, 0xCF1F, 0xCF1F, 0xCF1F, 0xD71F, 0xD71F,
    0xD71F, 0xD71F, 0xD71F, 0xD71F, 0xCF1F, 0xCF1F, 0xD71F, 0xCEFF, 0x85BF, 0x7D9F, 0x7DBF, 0x7DBF,
    0x7DBF, 0x7DBF, 0x7DBF, 0x7DBF, 0x7DBF, 0x7DBF, 0x7DBF, 0x7DBF, 0x7DBF, 0x7DBF, 0x7D9F, 0x85FF,
    0x4BDD, 0x11BA, 0x221B, 0x221B, 0x1A1B, 0x1A1B, 0x1A1B, 0x1A1B, 0x1A1B, 0x221B, 0x1A1B, 0x2A1C,
    0xF81F, 0xF81F, 0xF81F, 0xF81F, 0xF81F, 0xF81F, 0xF81F, 0xF81F, 0x21FC, 0x19FA, 0x19FB, 0x19FB,
    0x1A1B, 0x1A1B, 0x1A1B, 0x1A1B, 0x19FB, 0x221B, 0x119A, 0x7C9D, 0xDF5F, 0xCEFF, 0xCF1F, 0xCF1F,
    0xCF1F, 0xCF1F, 0xCF1F, 0xD71F, 0xD71F, 0xD71F, 0xCF1F, 0xCF1F, 0xCF1F, 0xCF1F, 0xD71F, 0xCEFF,
    0x85BF, 0x7D9F, 0x7DBF, 0x7DBF, 0x7DBF, 0x7DBF, 0x7DBF, 0x7DBF, 0x7DBF, 0x7DBF, 0x7DBF, 0x7DBF,
    0x7DBF, 0x7DBF, 0x7D9F, 0x85FF, 0x4BDD, 0x11BA, 0x221B, 0x1A1B, 0x1A1B, 0x1A1B, 0x1A1B, 0x1A1B,
    0x1A1B, 0x1A1B, 0x1A1B, 0x2A1C, 0xF81F, 0xF81F, 0xF81F, 0xF81F, 0xF81F, 0xF81F, 0xF81F, 0xF81F,
    0x21FC, 0x19FA, 0x19FB, 0x19FB, 0x1A1B, 0x1A1B, 0x1A1B, 0x1A1B, 0x19FB, 0x221B, 0x119A, 0x7C9D,
    0xDF5F, 0xCEFF, 0xCF1F, 0xCF1F, 0xCF1F, 0xCF1F, 0xCF1F, 0xCF1F, 0xD71F, 0xCF1F, 0xCF1F, 0xCF1F,
    0xCF1F, 0xCF1F, 0xD71F, 0xCEFF, 0x85BF, 0x7D9F, 0x7DBF, 0x7DBF, 0x7DBF, 0x7DBF, 0x7DBF, 0x7DBF,
    0x7DBF, 0x7DBF, 0x7DBF, 0x7DBF, 0x7DBF, 0x7DBF, 0x7D9F, 0x85FF, 0x4BDD, 0x11BA, 0x221B, 0x1A1B,
    0x1A1B, 0x1A1B, 0x1A1B, 0x1A1B, 0x1A1B, 0x1A1B, 0x1A1B, 0x2A1C, 0xF81F, 0xF81F, 0xF81F, 0xF81F,
    0xF81F, 0xF81F, 0xF81F, 0xF81F, 0x21FC, 0x19FB, 0x19FB, 0x19FB, 0x1A1B, 0x1A1B, 0x1A1B, 0x1A1B,
    0x1A1B, 0x221B, 0x119A, 0x749D, 0xDF5F, 0xCEFF, 0xCF1F, 0xCF1F, 0xCF1F, 0xCF1F, 0xCF1F, 0xCF1F,
    0xCF1F, 0xCF1F, 0xCF1F, 0xCF1F, 0xCF1F, 0xCF1F, 0xD71F, 0xCEFF, 0x85BF, 0x7D9F, 0x7DBF, 0x7DBF,
    0x7DBF, 0x7DBF, 0x7DBF, 0x7DBF, 0x7DBF, 0x7DBF, 0x7DBF, 0x7DBF, 0x7DBF, 0x7DBF, 0x7D9F, 0x85FF,
    0x4BBD, 0x11BA, 0x221B, 0x19FB, 0x19FB, 0x1A1B, 0x1A1B, 0x1A1B, 0x1A1B, 0x1A1B, 0x1A1B, 0x2A1C,
    0xF81F, 0xF81F, 0xF81F, 0xF81F, 0xF81F, 0xF81F, 0xF81F, 0xF81F, 0x21FC, 0x19FB, 0x19FB, 0x1A1B,
    0x19FB, 0x19FB, 0x19FB, 0x1A1B, 0x1A1B, 0x221B, 0x119A, 0x7CBD, 0xDF7F, 0xCEDF, 0xCF1F, 0xCF1F,
    0xCF1F, 0xCF1F, 0xCF1F, 0xCF1F, 0xCF1F, 0xCF1F, 0xCF1F, 0xCF1F, 0xCF1F, 0xCF1F, 0xD71F, 0xCEFF,
    0x85BF, 0x7D9F, 0x7DBF, 0x7DBF, 0x7DBF, 0x7DBF, 0x7DBF, 0x7DBF, 0x7DBF, 0x7DBF, 0x7DBF, 0x7DBF,
    0x7DBF, 0x7DBF, 0x7D9F, 0x85FF, 0x4BDD, 0x11BA, 0x221B, 0x1A1B, 0x1A1B, 0x19FB, 0x19FB, 0x1A1B,
    0x1A1B, 0x1A1B, 0x1A1B, 0x2A1C, 0xF81F, 0xF81F, 0xF81F, 0xF81F, 0xF81F, 0xF81F, 0xF81F, 0xF81F,
    0x21FC, 0x19FA, 0x19FB, 0x19FB, 0x19FB, 0x19FB, 0x1A1B, 0x19FB, 0x19FB, 0x221B, 0x11BA, 0x63FC,
    0xD75F, 0xD73F, 0xCEFF, 0xCEFF, 0xCF1F, 0xCF1F, 0xCF1F, 0xCF1F, 0xCF1F, 0xCF1F, 0xCF1F, 0xCF1F,
    0xCF1F, 0xCF1F, 0xD71F, 0xCEFF, 0x85BF, 0x7D9F, 0x7DBF, 0x7DBF, 0x7DBF, 0x7DBF, 0x7DBF, 0x7DBF,
    0x7DBF, 0x7DBF, 0x7DBF, 0x7DBF, 0x7D9F, 0x7D9F, 0x85DF, 0x85DF, 0x435C, 0x19DA, 0x221B, 0x19FB,
    0x1A1B, 0x1A1B, 0x1A1B, 0x1A1B, 0x1A1B, 0x19FB, 0x1A1B, 0x2A1C, 0xF81F, 0xF81F, 0xF81F, 0xF81F,
    0xF81F, 0xF81F, 0xF81F, 0xF81F, 0x21FC, 0x19FB, 0x19FB, 0x19FB, 0x19FB, 0x19FB, 0x19FB, 0x1A1B,
    0x1A1B, 0x1A1B, 0x221B, 0x19DA, 0x431C, 0xA5DE, 0xDF5F, 0xD73F, 0xCEFF, 0xCEFF, 0xCF1F, 0xCF1F,
    0xCF1F, 0xCF1F, 0xCF1F, 0xCF1F, 0xCF1F, 0xCF1F, 0xD71F, 0xCEFF, 0x85BF, 0x7D9F, 0x7DBF, 0x7DBF,
    0x7DBF, 0x7DBF, 0x7D9F, 0x7DBF, 0x7DBF, 0x7DBF, 0x7DBF, 0x7D9F, 0x85DF, 0x85DF, 0x6CDE, 0x32DC,
    0x19FB, 0x1A1B, 0x1A1B, 0x1A1B, 0x1A1B, 0x1A1B, 0x1A1B, 0x1A1B, 0x19FB, 0x19FB, 0x19FA, 0x2A1C,
    0xF81F, 0xF81F, 0xF81F, 0xF81F, 0xF81F, 0xF81F, 0xF81F, 0xF81F, 0x21FC, 0x19FB, 0x1A1B, 0x1A1B,
    0x1A1B, 0x19FB, 0x19FB, 0x1A1B, 0x1A1B, 0x1A1B, 0x19FB, 0x221B, 0x11DA, 0x11DA, 0x5BBC, 0xB65F,
    0xDF7F, 0xD71F, 0xCEFF, 0xCF1F, 0xCF1F, 0xCF1F, 0xCF1F, 0xCF1F, 0xCF1F, 0xCF1F, 0xD71F, 0xCEFF,
    0x85BF, 0x7D9F, 0x7DBF, 0x7DBF, 0x7DBF, 0x7DBF, 0x7DBF, 0x7DBF, 0x7DBF, 0x7D9F, 0x85BF, 0x85FF,
    0x753F, 0x435C, 0x19FB, 0x19DA, 0x221B, 0x19FB, 0x1A1B, 0x1A1B, 0x1A1B, 0x221B, 0x221B, 0x1A1B,
    0x19FB, 0x19FB, 0x19FA, 0x2A1C, 0xF81F, 0xF81F, 0xF81F, 0xF81F, 0xF81F, 0xF81F, 0xF81F, 0xF81F,
    0x21FC, 0x19FB, 0x1A1B, 0x1A1B, 0x1A1B, 0x19FB, 0x19FB, 0x19FB, 0x19FB, 0x19FB, 0x19FB, 0x19FB,
    0x221B, 0x1A1B, 0x11BA, 0x221B, 0x745D, 0xC6BF, 0xDF5F, 0xCF1F, 0xCEFF, 0xCF1F, 0xCF1F, 0xCF1F,
    0xCF1F, 0xCF1F, 0xD71F, 0xCEFF, 0x85BF, 0x7D9F, 0x7DBF, 0x7DBF, 0x7DBF, 0x7DBF, 0x7DBF, 0x7D9F,
    0x7D9F, 0x85FF, 0x7D9F, 0x4BDD, 0x221B, 0x19DA, 0x1A1B, 0x221B, 0x19FB, 0x1A1B, 0x1A1B, 0x1A1B,
    0x1A1B, 0x1A1B, 0x1A1B, 0x1A1B, 0x19FB, 0x19FB, 0x1A1A, 0x2A1C, 0xF81F, 0xF81F, 0xF81F, 0xF81F,
    0xF81F, 0xF81F, 0xF81F, 0xF81F, 0x221C, 0x19FB, 0x19FB, 0x1A1B, 0x19FB, 0x19FB, 0x19FB, 0x19FB,
    0x19FB, 0x19FB, 0x19FB, 0x19FB, 0x19FB, 0x19FB, 0x221B, 0x19FB, 0x119A, 0x2A5B, 0x84FD, 0xD71F,
    0xDF5F, 0xCEFF, 0xCEFF, 0xCF1F, 0xCF1F, 0xCF1F, 0xD71F, 0xCEFF, 0x85BF, 0x7D9F, 0x7DBF, 0x7DBF,
    0x7DBF, 0x7D9F, 0x7D9F, 0x85DF, 0x85DF, 0x5C5D, 0x2A7B, 0x19BA, 0x19FB, 0x221B, 0x19FB, 0x19FB,
    0x19FB, 0x1A1B, 0x19FB, 0x19FB, 0x1A1B, 0x1A1B, 0x1A1B, 0x1A1B, 0x19FB, 0x19FB, 0x1A1A, 0x2A1C,
    0xF81F, 0xF81F, 0xF81F, 0xF81F, 0xF81F, 0xF81F, 0xF81F, 0xF81F, 0x221C, 0x19FB, 0x19FB, 0x1A1B,
    0x1A1B, 0x19FB, 0x19FB, 0x19FB, 0x19FB, 0x19FB, 0x19FB, 0x19FB, 0x19FB, 0x19FB, 0x19FB, 0x19FB,
    0x221B, 0x19DA, 0x11BA, 0x3AFB, 0x9D9E, 0xDF5F, 0xD73F, 0xCEFF, 0xCEFF, 0xCF1F, 0xD71F, 0xCEFF,
    0x85BF, 0x7D9F, 0x7DBF, 0x7DBF, 0x7D9F, 0x85BF, 0x85FF, 0x6CDE, 0x32DC, 0x19BA, 0x19FB, 0x221B,
    0x1A1B, 0x19FB, 0x19FB, 0x19FB, 0x19FB, 0x19FB, 0x19FB, 0x19FB, 0x19FB, 0x1A1B, 0x19FB, 0x19FB,
    0x19FB, 0x19FB, 0x1A1A, 0x2A1C, 0xF81F, 0xF81F, 0xF81F, 0xF81F, 0xF81F, 0xF81F, 0xF81F, 0xF81F,
    0x2A1C, 0x19FA, 0x19FB, 0x19FB, 0x19FB, 0x19FB, 0x19FB, 0x19FB, 0x19FB, 0x19FB, 0x1A1B, 0x1A1B,
    0x1A1B, 0x1A1B, 0x19FB, 0x19FB, 0x19FB, 0x221B, 0x221B, 0x11DA, 0x11BA, 0x537C, 0xB63F, 0xDF7F,
    0xD71F, 0xCEFF, 0xD71F, 0xCEFF, 0x85BF, 0x7D9F, 0x7D9F, 0x7DBF, 0x85FF, 0x753F, 0x435C, 0x19FB,
    0x19DA, 0x221B, 0x221B, 0x19FB, 0x1A1B, 0x1A1B, 0x19FB, 0x19FB, 0x19FB, 0x19FB, 0x19FB, 0x19FB,
    0x1A1B, 0x1A1B, 0x19FB, 0x19FB, 0x19FB, 0x1A1B, 0x1A1A, 0x2A1C, 0xF81F, 0xF81F, 0xF81F, 0xF81F,
    0xF81F, 0xF81F, 0xF81F, 0xF81F, 0x21FC, 0x19FB, 0x19FB, 0x19FB, 0x19FB, 0x19FB, 0x19FB, 0x19FB,
    0x19FB, 0x1A1B, 0x1A1B, 0x1A1B, 0x1A1B, 0x19FB, 0x1A1B, 0x1A1B, 0x1A1B, 0x19FB, 0x19FB, 0x221B,
    0x221B, 0x11BA, 0x19FB, 0x6C3D, 0xC6BF, 0xDF5F, 0xCF1F, 0xC6DF, 0x85BF, 0x7D9F, 0x85DF, 0x7D9F,
    0x4BDD, 0x221B, 0x19DA, 0x1A1B, 0x221B, 0x1A1B, 0x19FB, 0x19FB, 0x19FB, 0x1A1B, 0x1A1B, 0x19FB,
    0x19FB, 0x19FB, 0x19FB, 0x19FB, 0x1A1B, 0x1A1B, 0x19FB, 0x19FB, 0x1A1B, 0x19FB, 0x1A1B, 0x221B,
    0xF81F, 0xF81F, 0xF81F, 0xF81F, 0xF81F, 0xF81F, 0xF81F, 0xF81F, 0x29DB, 0x1A1B, 0x19FB, 0x19FB,
    0x19FB, 0x19FB, 0x19FB, 0x1A1B, 0x1A1B, 0x1A1B, 0x1A1B, 0x1A1B, 0x1A1B, 0x19FB, 0x19FB, 0x1A1B,
    0x1A1B, 0x19FB, 0x19FB, 0x19FB, 0x19FB, 0x221B, 0x19FB, 0x119A, 0x2A7B, 0x8D1D, 0xD73F, 0xD71F,
    0x85DF, 0x7DBF, 0x5C5E, 0x2A7B, 0x11BA, 0x19FB, 0x221B, 0x19FB, 0x1A1B, 0x221B, 0x19FB, 0x19FB,
    0x19FB, 0x19FB, 0x1A1B, 0x1A1B, 0x19FB, 0x19FB, 0x19FB, 0x19FB, 0x19FB, 0x19FB, 0x1A1B, 0x1A1B,
    0x1A1B, 0x19FA, 0x1A1B, 0x29FB, 0xF81F, 0xF81F, 0xF81F, 0xF81F, 0xF81F, 0xF81F, 0xF81F, 0xF81F,
    0x29DB, 0x1A1C, 0x19FB, 0x1A1B, 0x221B, 0x1A1B, 0x19FB, 0x19FB, 0x19FB, 0x1A1B, 0x1A1B, 0x19FB,
    0x19FB, 0x19FB, 0x19FB, 0x19FB, 0x19FB, 0x19FB, 0x19FB, 0x19FB, 0x1A1B, 0x19FB, 0x19FB, 0x221B,
    0x19DA, 0x119A, 0x431C, 0xA5DE, 0x6CFE, 0x32DC, 0x19DA, 0x19FB, 0x221B, 0x1A1B, 0x1A1B, 0x1A1B,
    0x1A1B, 0x221B, 0x19FB, 0x19FB, 0x19FB, 0x19FB, 0x1A1B, 0x19FB, 0x19FB, 0x19FB, 0x19FB, 0x19FB,
    0x19FB, 0x1A1B, 0x1A1B, 0x1A1B, 0x221B, 0x1A1B, 0x223C, 0x29DB, 0xF81F, 0xF81F, 0xF81F, 0xF81F,
    0xF81F, 0xF81F, 0xF81F, 0xF81F, 0xF81F, 0x221D, 0x19FA, 0x1A1B, 0x1A1B, 0x1A1B, 0x19FB, 0x19FB,
    0x19FB, 0x1A1B, 0x19FB, 0x1A1B, 0x19FB, 0x1A1B, 0x19FB, 0x19FB, 0x19FB, 0x19FB, 0x19FB, 0x19FB,
    0x19FB, 0x19FB, 0x19FB, 0x19FB, 0x221B, 0x221B, 0x11BA, 0x19FB, 0x221B, 0x19DA, 0x221B, 0x1A1B,
    0x1A1B, 0x1A1B, 0x1A1B, 0x1A1B, 0x1A1B, 0x19FB, 0x1A1B, 0x19FB, 0x19FB, 0x1A1B, 0x19FB, 0x19FB,
    0x19FB, 0x19FB, 0x19FB, 0x19FB, 0x19FB, 0x1A1B, 0x1A1B, 0x1A1B, 0x221B, 0x1A1B, 0x223D, 0xF81F,
    0xF81F, 0xF81F, 0xF81F, 0xF81F, 0xF81F, 0xF81F, 0xF81F, 0xF81F, 0xF81F, 0x29DB, 0x1A1B, 0x21FB,
    0x19FB, 0x1A1B, 0x221B, 0x19FB, 0x19FB, 0x1A1B, 0x221B, 0x1A1B, 0x1A1B, 0x1A1B, 0x19FB, 0x19FB,
    0x19FB, 0x19FB, 0x19FB, 0x1A1B, 0x19FB, 0x19FB, 0x19FB, 0x19FB, 0x19FB, 0x19FB, 0x221B, 0x19FB,
    0x19FB, 0x221B, 0x19FB, 0x1A1B, 0x1A1B, 0x1A1B, 0x1A1B, 0x1A1B, 0x1A1B, 0x19FB, 0x19FB, 0x19FB,
    0x19FB, 0x19FB, 0x19FB, 0x19FB, 0x1A1B, 0x19FB, 0x19FB, 0x19FB, 0x1A1B, 0x1A1B, 0x1A1B, 0x19FB,
    0x19FB, 0x1A1B, 0x29FB, 0xF81F, 0xF81F, 0xF81F, 0xF81F, 0xF81F, 0xF81F, 0xF81F, 0xF81F, 0xF81F,
    0xF81F, 0xF81F, 0x221D, 0x19FA, 0x19FB, 0x19FB, 0x221B, 0x1A1B, 0x19FB, 0x19FB, 0x19FB, 0x1A1B,
    0x1A1B, 0x19FB, 0x19FB, 0x19FB, 0x19FB, 0x19FB, 0x19FB, 0x1A1B, 0x19FB, 0x19FB, 0x19FB, 0x19FB,
    0x19FB, 0x19FB, 0x19FB, 0x19FB, 0x19FB, 0x19FB, 0x19FB, 0x19FB, 0x1A1B, 0x1A1B, 0x1A1B, 0x1A1B,
    0x1A1B, 0x1A1B, 0x19FB, 0x1A1B, 0x1A1B, 0x1A1B, 0x1A1B, 0x1A1B, 0x1A1B, 0x1A1B, 0x1A1B, 0x1A1B,
    0x1A1B, 0x1A1B, 0x1A1B, 0x1A1B, 0x1A1A, 0x223D, 0xF81F, 0xF81F, 0xF81F, 0xF81F, 0xF81F, 0xF81F,
    0xF81F, 0xF81F, 0xF81F, 0xF81F, 0xF81F, 0xF81F, 0x21DB, 0x1A1C, 0x19FA, 0x19FB, 0x1A1B, 0x19FB,
    0x19FB, 0x19FB, 0x19FB, 0x19FB, 0x19FB, 0x19FB, 0x19FB, 0x19FB, 0x1A1B, 0x19FB, 0x19FB, 0x19FB,
    0x1A1B, 0x19FB, 0x19FB, 0x19FB, 0x19FB, 0x19FB, 0x19FB, 0x19FB, 0x19FB, 0x19FB, 0x19FB, 0x19FB,
    0x19FB, 0x19FB, 0x19FB, 0x19FB, 0x1A1B, 0x1A1B, 0x19FB, 0x1A1B, 0x1A1B, 0x1A1B, 0x1A1B, 0x1A1B,
    0x19FB, 0x19FB, 0x1A1B, 0x19FB, 0x1A1B, 0x1A1B, 0x1A1B, 0x19FA, 0x1A1C, 0x29DB, 0xF81F, 0xF81F,
    0xF81F, 0xF81F, 0xF81F, 0xF81F, 0xF81F, 0xF81F, 0xF81F, 0xF81F, 0xF81F, 0xF81F, 0xF81F, 0x29FC,
    0x1A1B, 0x19FA, 0x1A1B, 0x19FB, 0x19FB, 0x19FB, 0x1A1B, 0x19FB, 0x19FB, 0x19FB, 0x19FB, 0x19FB,
    0x1A1B, 0x19FB, 0x19FB, 0x1A1B, 0x1A1B, 0x1A1B, 0x19FB, 0x19FB, 0x19FB, 0x19FB, 0x19FB, 0x1A1B,
    0x19FB, 0x19FB, 0x19FB, 0x19FB, 0x1A1B, 0x19FB, 0x19FB, 0x19FB, 0x19FB, 0x19FB, 0x19FB, 0x1A1B,
    0x1A1B, 0x1A1B, 0x1A1B, 0x19FB, 0x19FB, 0x19FB, 0x19FB, 0x19FB, 0x19FB, 0x19FB, 0x19FA, 0x1A1B,
    0x29FC, 0xF81F, 0xF81F, 0xF81F, 0xF81F, 0xF81F, 0xF81F, 0xF81F, 0xF81F, 0xF81F, 0xF81F, 0xF81F,
    0xF81F, 0xF81F, 0xF81F, 0xF81F, 0x29FC, 0x1A1C, 0x19FA, 0x19FA, 0x19FB, 0x19FB, 0x19FB, 0x1A1B,
    0x1A1B, 0x1A1B, 0x19FB, 0x19FB, 0x19FB, 0x1A1B, 0x1A1B, 0x19FB, 0x1A1B, 0x1A1B, 0x19FB, 0x19FB,
    0x19FB, 0x19FB, 0x19FB, 0x1A1B, 0x19FB, 0x19FB, 0x19FB, 0x19FB, 0x19FB, 0x19FB, 0x19FB, 0x19FB,
    0x19FB, 0x19FB, 0x19FB, 0x1A1B, 0x1A1B, 0x1A1B, 0x19FB, 0x19FB, 0x19FB, 0x19FB, 0x1A1B, 0x1A1B,
    0x19FB, 0x19FA, 0x1A1C, 0x29FC, 0xF81F, 0xF81F, 0xF81F, 0xF81F, 0xF81F, 0xF81F, 0xF81F, 0xF81F,
    0xF81F, 0xF81F, 0xF81F, 0xF81F, 0xF81F, 0xF81F, 0xF81F, 0xF81F, 0xF81F, 0x29FC, 0x221D, 0x1A1B,
    0x19FA, 0x19FB, 0x19FB, 0x19FB, 0x19FB, 0x1A1B, 0x221B, 0x19FB, 0x19FB, 0x1A1B, 0x1A1B, 0x221B,
    0x1A1B, 0x19FB, 0x19FB, 0x19FB, 0x19FB, 0x19FB, 0x19FB, 0x19FB, 0x19FB, 0x19FB, 0x19FB, 0x19FB,
    0x19FB, 0x19FB, 0x19FB, 0x1A1B, 0x1A1B, 0x1A1B, 0x1A1B, 0x1A1B, 0x19FB, 0x19FB, 0x19FB, 0x19FB,
    0x19FB, 0x19FB, 0x19FB, 0x1A1A, 0x1A1B, 0x221D, 0x29FC, 0xF81F, 0xF81F, 0xF81F, 0xF81F, 0xF81F,
    0xF81F, 0xF81F, 0xF81F, 0xF81F, 0xF81F, 0xF81F, 0xF81F, 0xF81F, 0xF81F, 0xF81F, 0xF81F, 0xF81F,
    0xF81F, 0xF81F, 0xF81F, 0x21FC, 0x221D, 0x1A1C, 0x1A1B, 0x19FA, 0x19FA, 0x19FA, 0x1A1B, 0x19FA,
    0x19FA, 0x19FB, 0x19FB, 0x19FA, 0x19FA, 0x19FB, 0x19FA, 0x19FA, 0x19FA, 0x19FA, 0x19FA, 0x19FA,
    0x19FA, 0x19FA, 0x19FA, 0x19FA, 0x19FA, 0x19FA, 0x19FB, 0x19FB, 0x19FB, 0x19FA, 0x19FA, 0x19FA,
    0x19FA, 0x19FA, 0x19FA, 0x19FA, 0x1A1A, 0x1A1B, 0x1A1C, 0x221D, 0x21FC, 0xF81F, 0xF81F, 0xF81F,
    0xF81F, 0xF81F, 0xF81F, 0xF81F, 0xF81F, 0xF81F, 0xF81F, 0xF81F, 0xF81F, 0xF81F, 0xF81F, 0xF81F,
    0xF81F, 0xF81F, 0xF81F, 0xF81F, 0xF81F, 0xF81F, 0xF81F, 0xF81F, 0xF81F, 0x29DC, 0x21FB, 0x21FB,
    0x221C, 0x221C, 0x221C, 0x221C, 0x221C, 0x221C, 0x221C, 0x221C, 0x221C, 0x221C, 0x221C, 0x221C,
    0x221C, 0x221C, 0x221C, 0x221C, 0x221C, 0x221C, 0x221C, 0x21FC, 0x221C, 0x221C, 0x221C, 0x221C,
    0x221C, 0x221C, 0x221C, 0x221C, 0x221C, 0x221C, 0x221C, 0x221C, 0x21FC, 0x21FB, 0x29DC, 0xF81F,
    0xF81F, 0xF81F, 0xF81F, 0xF81F, 0xF81F, 0xF81F, 0xF81F, 0xF81F, 0xF81F, 0xF81F, 0xF81F, 0xF81F,
    0xF81F, 0xF81F, 0xF81F, 0xF81F, 0xF81F, 0xF81F, 0xF81F, 0xF81F, 0xF81F, 0xF81F, 0xF81F, 0xF81F,
    0xF81F, 0xF81F, 0xF81F, 0xF81F, 0xF81F, 0xF81F, 0xF81F, 0xF81F, 0xF81F, 0xF81F, 0xF81F, 0xF81F,
    0xF81F, 0xF81F, 0xF81F, 0xF81F, 0xF81F, 0xF81F, 0xF81F, 0xF81F, 0xF81F, 0xF81F, 0xF81F, 0xF81F,
    0xF81F, 0xF81F, 0xF81F, 0xF81F, 0xF81F, 0xF81F, 0xF81F, 0xF81F, 0xF81F, 0xF81F, 0xF81F, 0xF81F,
    0xF81F, 0xF81F, 0xF81F, 0xF81F, 0xF81F, 0xF81F, 0xF81F, 0xF81F, 0xF81F, 0xF81F, 0xF81F, 0xF81F,
    0xF81F, 0xF81F, 0xF81F, 0xF81F, 0xF81F, 0xF81F, 0xF81F, 0xF81F, 0xF81F, 0xF81F, 0xF81F, 0xF81F,
    0xF81F, 0xF81F, 0xF81F, 0xF81F, 0xF81F, 0xF81F, 0xF81F, 0xF81F, 0xF81F, 0xF81F, 0xF81F, 0xF81F,
    0xF81F, 0xF81F, 0xF81F, 0xF81F, 0xF81F, 0xF81F, 0xF81F, 0xF81F, 0xF81F, 0xF81F, 0xF81F, 0xF81F,
    0xF81F, 0xF81F, 0xF81F, 0xF81F, 0xF81F, 0xF81F, 0xF81F, 0xF81F, 0xF81F, 0xF81F, 0xF81F, 0xF81F,
    0xF81F, 0xF81F, 0xF81F, 0xF81F, 0xF81F, 0xF81F, 0xF81F, 0xF81F, 0xF81F, 0xF81F, 0xF81F, 0xF81F,
    0xF81F, 0xF81F, 0xF81F, 0xF81F, 0xF81F, 0xF81F, 0xF81F, 0xF81F, 0xF81F, 0xF81F, 0xF81F, 0xF81F,
    0xF81F, 0xF81F, 0xF81F, 0xF81F, 0xF81F, 0xF81F, 0xF81F, 0xF81F, 0xF81F, 0xF81F, 0xF81F, 0xF81F,
    0xF81F, 0xF81F, 0xF81F, 0xF81F, 0xF81F, 0xF81F, 0xF81F, 0xF81F, 0xF81F, 0xF81F, 0xF81F, 0xF81F,
    0xF81F, 0xF81F, 0xF81F, 0xF81F, 0xF81F, 0xF81F, 0xF81F, 0xF81F, 0xF81F, 0xF81F, 0xF81F, 0xF81F,
    0xF81F, 0xF81F, 0xF81F, 0xF81F, 0xF81F, 0xF81F, 0xF81F, 0xF81F, 0xF81F, 0xF81F, 0xF81F, 0xF81F,
    0xF81F, 0xF81F, 0xF81F, 0xF81F, 0xF81F, 0xF81F, 0xF81F, 0xF81F, 0xF81F, 0xF81F, 0xF81F, 0xF81F,
    0xF81F, 0xF81F, 0xF81F, 0xF81F, 0xF81F, 0xF81F, 0xF81F, 0xF81F, 0xF81F, 0xF81F, 0xF81F, 0xF81F,
    0xF81F, 0xF81F, 0xF81F, 0xF81F, 0xF81F, 0xF81F, 0xF81F, 0xF81F, 0xF81F, 0xF81F, 0xF81F, 0xF81F,
    0xF81F, 0xF81F, 0xF81F, 0xF81F, 0xF81F, 0xF81F, 0xF81F, 0xF81F, 0xF81F, 0xF81F, 0xF81F, 0xF81F,
    0xF81F, 0xF81F, 0xF81F, 0xF81F, 0xF81F, 0xF81F, 0xF81F, 0xF81F, 0xF81F, 0xF81F, 0xF81F, 0xF81F,
    0xF81F, 0xF81F, 0xF81F, 0xF81F, 0xF81F, 0xF81F, 0xF81F, 0xF81F, 0xF81F, 0xF81F, 0xF81F, 0xF81F,
    0xF81F, 0xF81F, 0xF81F, 0xF81F,
};
const uint16_t kIconAttitude[kLauncherIconPixels] = {
    0xF81F, 0xF81F, 0xF81F, 0xF81F, 0xF81F, 0xF81F, 0xF81F, 0xF81F, 0xF81F, 0xF81F, 0xF81F, 0xF81F,
    0xF81F, 0xF81F, 0xF81F, 0xF81F, 0xF81F, 0xF81F, 0xF81F, 0xF81F, 0xF81F, 0xF81F, 0xF81F, 0xF81F,
    0xF81F, 0xF81F, 0xF81F, 0xF81F, 0xF81F, 0xF81F, 0xF81F, 0xF81F, 0xF81F, 0xF81F, 0xF81F, 0xF81F,
    0xF81F, 0xF81F, 0xF81F, 0xF81F, 0xF81F, 0xF81F, 0xF81F, 0xF81F, 0xF81F, 0xF81F, 0xF81F, 0xF81F,
    0xF81F, 0xF81F, 0xF81F, 0xF81F, 0xF81F, 0xF81F, 0xF81F, 0xF81F, 0xF81F, 0xF81F, 0xF81F, 0xF81F,
    0xF81F, 0xF81F, 0xF81F, 0xF81F, 0xF81F, 0xF81F, 0xF81F, 0xF81F, 0xF81F, 0xF81F, 0xF81F, 0xF81F,
    0xF81F, 0xF81F, 0xF81F, 0xF81F, 0xF81F, 0xF81F, 0xF81F, 0xF81F, 0xF81F, 0xF81F, 0xF81F, 0xF81F,
    0xF81F, 0xF81F, 0xF81F, 0xF81F, 0xF81F, 0xF81F, 0xF81F, 0xF81F, 0xF81F, 0xF81F, 0xF81F, 0xF81F,
    0xF81F, 0xF81F, 0xF81F, 0xF81F, 0xF81F, 0xF81F, 0xF81F, 0xF81F, 0xF81F, 0xF81F, 0xF81F, 0xF81F,
    0xF81F, 0xF81F, 0xF81F, 0xF81F, 0xF81F, 0xF81F, 0xF81F, 0xF81F, 0xF81F, 0xF81F, 0xF81F, 0xF81F,
    0xF81F, 0xF81F, 0xF81F, 0xF81F, 0xF81F, 0xF81F, 0xF81F, 0xF81F, 0xF81F, 0xF81F, 0xF81F, 0xF81F,
    0xF81F, 0xF81F, 0xF81F, 0xF81F, 0xF81F, 0xF81F, 0xF81F, 0xF81F, 0xF81F, 0xF81F, 0xF81F, 0xF81F,
    0xF81F, 0xF81F, 0xF81F, 0xF81F, 0xF81F, 0xF81F, 0xF81F, 0xF81F, 0xF81F, 0xF81F, 0xF81F, 0xF81F,
    0xF81F, 0xF81F, 0xF81F, 0xF81F, 0xF81F, 0xF81F, 0xF81F, 0xF81F, 0xF81F, 0xF81F, 0xF81F, 0xF81F,
    0xF81F, 0xF81F, 0xF81F, 0xF81F, 0xF81F, 0xF81F, 0xF81F, 0xF81F, 0xF81F, 0xF81F, 0xF81F, 0xF81F,
    0xF81F, 0xF81F, 0xF81F, 0xF81F, 0xF81F, 0xF81F, 0xF81F, 0xF81F, 0xF81F, 0xF81F, 0xF81F, 0xF81F,
    0xF81F, 0xF81F, 0xF81F, 0xF81F, 0xF81F, 0xF81F, 0xF81F, 0xF81F, 0xF81F, 0xF81F, 0xF81F, 0xF81F,
    0xF81F, 0xF81F, 0xF81F, 0xF81F, 0xF81F, 0xF81F, 0xF81F, 0xF81F, 0xF81F, 0xF81F, 0xF81F, 0xF81F,
    0xF81F, 0xF81F, 0xF81F, 0xF81F, 0xF81F, 0xF81F, 0xF81F, 0xF81F, 0xF81F, 0xF81F, 0xF81F, 0xF81F,
    0xF81F, 0xF81F, 0xF81F, 0xF81F, 0xF81F, 0xF81F, 0xF81F, 0xF81F, 0xF81F, 0xF81F, 0xF81F, 0xF81F,
    0xF81F, 0xF81F, 0xF81F, 0xF81F, 0xF81F, 0xF81F, 0xF81F, 0xF81F, 0xF81F, 0xF81F, 0xF81F, 0xF81F,
    0xF81F, 0xF81F, 0xF81F, 0xF81F, 0xF81F, 0xF81F, 0xF81F, 0xF81F, 0xF81F, 0xF81F, 0xF81F, 0xF81F,
    0xF81F, 0xF81F, 0xF81F, 0xF81F, 0xF81F, 0xF81F, 0xFCA6, 0xFCE4, 0xFD23, 0xFD43, 0xFD81, 0xFD80,
    0xFD62, 0xFD82, 0xFD82, 0xFD82, 0xFD82, 0xFD82, 0xFD82, 0xFD82, 0xFD82, 0xFD82, 0xFD82, 0xFD82,
    0xFD82, 0xFD82, 0xFD82, 0xFD82, 0xFD82, 0xFD82, 0xFD82, 0xFD82, 0xFD82, 0xFD82, 0xFD83, 0xFD62,
    0xFD80, 0xFD61, 0xFD43, 0xFD42, 0xFD04, 0xFCA6, 0xF81F, 0xF81F, 0xF81F, 0xF81F, 0xF81F, 0xF81F,
    0xF81F, 0xF81F, 0xF81F, 0xF81F, 0xF81F, 0xF81F, 0xF81F, 0xF81F, 0xF81F, 0xF81F, 0xF81F, 0xF81F,
    0xF81F, 0xF81F, 0xF81F, 0xF81F, 0xF81F, 0xF81F, 0xF81F, 0xF81F, 0xFD62, 0xFD82, 0xFDE0, 0xFDE0,
    0xFDE0, 0xFDC0, 0xFDA0, 0xFDA0, 0xFDA0, 0xFDA0, 0xFDA0, 0xFDA0, 0xFDA0, 0xFDA0, 0xFDA0, 0xFDA0,
    0xFDA0, 0xFDA0, 0xFDA0, 0xFDA0, 0xFDA0, 0xFDA0, 0xFDA0, 0xFDA0, 0xFDA0, 0xFDA0, 0xFDA0, 0xFDA0,
    0xFDA0, 0xFDA0, 0xFDA0, 0xFDA0, 0xFDA0, 0xFDA0, 0xFDC0, 0xFDE0, 0xFE00, 0xFDE0, 0xFD82, 0xFD82,
    0xF81F, 0xF81F, 0xF81F, 0xF81F, 0xF81F, 0xF81F, 0xF81F, 0xF81F, 0xF81F, 0xF81F, 0xF81F, 0xF81F,
    0xF81F, 0xF81F, 0xF81F, 0xF81F, 0xF81F, 0xF81F, 0xF81F, 0xF81F, 0xF81F, 0xF81F, 0xFD63, 0xFDC1,
    0xFDE0, 0xFD80, 0xFD80, 0xFD80, 0xFD80, 0xFD80, 0xFD80, 0xFD80, 0xFD80, 0xFD80, 0xFD80, 0xFDA0,
    0xFDA0, 0xFDA0, 0xFDA0, 0xFDA0, 0xFD80, 0xFDA0, 0xFDA0, 0xFDA0, 0xFDA0, 0xFD80, 0xFDA0, 0xFD80,
    0xFD80, 0xFD80, 0xFD80, 0xFD80, 0xFD80, 0xFD80, 0xFD80, 0xFD80, 0xFD80, 0xFD80, 0xFD80, 0xFD80,
    0xFD80, 0xFD80, 0xFDA0, 0xFDE0, 0xFDC1, 0xFD04, 0xF81F, 0xF81F, 0xF81F, 0xF81F, 0xF81F, 0xF81F,
    0xF81F, 0xF81F, 0xF81F, 0xF81F, 0xF81F, 0xF81F, 0xF81F, 0xF81F, 0xF81F, 0xF81F, 0xF81F, 0xF81F,
    0xF81F, 0xFD43, 0xFE00, 0xFD80, 0xFD80, 0xFD80, 0xFD80, 0xFD80, 0xFD80, 0xFD80, 0xFD80, 0xFD80,
    0xFD80, 0xFD80, 0xFDA0, 0xFDA0, 0xFDA0, 0xFDA0, 0xFDA0, 0xFDA0, 0xFDA0, 0xFDA0, 0xFDA0, 0xFDA0,
    0xFDA0, 0xFD80, 0xFDA0, 0xFDA0, 0xFD80, 0xFD80, 0xFD80, 0xFDA0, 0xFD80, 0xFDA0, 0xFD80, 0xFD80,
    0xFD80, 0xFD80, 0xFD80, 0xFD80, 0xFD80, 0xFD80, 0xFD80, 0xFD80, 0xFD80, 0xFE00, 0xFD43, 0xF81F,
    0xF81F, 0xF81F, 0xF81F, 0xF81F, 0xF81F, 0xF81F, 0xF81F, 0xF81F, 0xF81F, 0xF81F, 0xF81F, 0xF81F,
    0xF81F, 0xF81F, 0xF81F, 0xF81F, 0xFD82, 0xFDE0, 0xFD80, 0xFD80, 0xFD80, 0xFD80, 0xFD80, 0xFD80,
    0xFD80, 0xFD80, 0xFD80, 0xFD80, 0xFD80, 0xFDA0, 0xFDA0, 0xFDA0, 0xFDA0, 0xFDA0, 0xFDA0, 0xFDA0,
    0xFDA0, 0xFDA0, 0xFDA0, 0xFDA0, 0xFDA0, 0xFDA0, 0xFDA0, 0xFDA0, 0xFD80, 0xFD80, 0xFDA0, 0xFD80,
    0xFD80, 0xFD80, 0xFD80, 0xFD80, 0xFD80, 0xFD80, 0xFD80, 0xFD80, 0xFD80, 0xFD80, 0xFD80, 0xFD80,
    0xFD80, 0xFD80, 0xFDE0, 0xFD82, 0xF81F, 0xF81F, 0xF81F, 0xF81F, 0xF81F, 0xF81F, 0xF81F, 0xF81F,
    0xF81F, 0xF81F, 0xF81F, 0xF81F, 0xF81F, 0xF81F, 0xF81F, 0xFD43, 0xFDE0, 0xFD80, 0xFDA0, 0xFD80,
    0xFD80, 0xFD80, 0xFD80, 0xFD80, 0xFD80, 0xFD80, 0xFD80, 0xFD80, 0xFD80, 0xFDA0, 0xFD80, 0xFDA0,
    0xFD80, 0xFDA0, 0xFD80, 0xFDA0, 0xFDA0, 0xFDA0, 0xFDA0, 0xFDA0, 0xFDA0, 0xFDA0, 0xFD80, 0xFDA0,
    0xFDA0, 0xFDA0, 0xFDA0, 0xFDA0, 0xFD80, 0xFDA0, 0xFDA0, 0xFD80, 0xFD80, 0xFD80, 0xFD80, 0xFD80,
    0xFD80, 0xFD80, 0xFD80, 0xFD80, 0xFD80, 0xFD80, 0xFD80, 0xFDE0, 0xFD43, 0xF81F, 0xF81F, 0xF81F,
    0xF81F, 0xF81F, 0xF81F, 0xF81F, 0xF81F, 0xF81F, 0xF81F, 0xF81F, 0xF81F, 0xF81F, 0xFD23, 0xFE00,
    0xFD80, 0xFD80, 0xFD80, 0xFD80, 0xFD80, 0xFD80, 0xFD80, 0xFDA0, 0xFD80, 0xFD80, 0xFD80, 0xFD80,
    0xFDA0, 0xFDA0, 0xFDA0, 0xFD80, 0xFD80, 0xFD80, 0xFD80, 0xFDA0, 0xFD80, 0xFDA0, 0xFDA0, 0xFDA0,
    0xFDA0, 0xFDA0, 0xFDA0, 0xFDA0, 0xFDA0, 0xFDA0, 0xFDA0, 0xFD80, 0xFD80, 0xFDA0, 0xFD80, 0xFD80,
    0xFD80, 0xFD80, 0xFD80, 0xFD80, 0xFD80, 0xFD80, 0xFD80, 0xFD80, 0xFD80, 0xFD80, 0xFD80, 0xFD80,
    0xFE00, 0xFD23, 0xF81F, 0xF81F, 0xF81F, 0xF81F, 0xF81F, 0xF81F, 0xF81F, 0xF81F, 0xF81F, 0xF81F,
    0xF81F, 0xF81F, 0xFDC1, 0xFDA0, 0xFD80, 0xFD80, 0xFD80, 0xFD80, 0xFD80, 0xFD80, 0xFDA0, 0xFDA0,
    0xFDA0, 0xFDA0, 0xFDA0, 0xFDA0, 0xFDA0, 0xFD80, 0xFD80, 0xFDA0, 0xFDA0, 0xFDA0, 0xFDA0, 0xFDA0,
    0xFD80, 0xFDA0, 0xFDA0, 0xFDA0, 0xFDA0, 0xFDA0, 0xFDA0, 0xFDA0, 0xFDA0, 0xFDA0, 0xFDA0, 0xFDA0,
    0xFD80, 0xFDA0, 0xFD80, 0xFD80, 0xFD80, 0xFDA0, 0xFD80, 0xFD80, 0xFD80, 0xFD80, 0xFD80, 0xFD80,
    0xFD80, 0xFD80, 0xFD80, 0xFD80, 0xFDA0, 0xFDC1, 0xF81F, 0xF81F, 0xF81F, 0xF81F, 0xF81F, 0xF81F,
    0xF81F, 0xF81F, 0xF81F, 0xF81F, 0xF81F, 0xFD42, 0xFDE0, 0xFD80, 0xFD80, 0xFDA0, 0xFDA0, 0xFDA0,
    0xFD80, 0xFD80, 0xFDA0, 0xFDA0, 0xFDA0, 0xFDA0, 0xFDA0, 0xFDA0, 0xFDA0, 0xFDA0, 0xFD80, 0xFDA0,
    0xFDA0, 0xFDA0, 0xFDA0, 0xFDA0, 0xFDA0, 0xFDA0, 0xFDA0, 0xFDA0, 0xFDA0, 0xFDA0, 0xFDA0, 0xFDA0,
    0xFDA0, 0xFDA0, 0xFDA0, 0xFDA0, 0xFDA0, 0xFDA0, 0xFDA0, 0xFD80, 0xFD80, 0xFD80, 0xFD80, 0xFD80,
    0xFD80, 0xFD80, 0xFD80, 0xFD80, 0xFD80, 0xFD80, 0xFD80, 0xFD80, 0xFD80, 0xFDE0, 0xFD22, 0xF81F,
    0xF81F, 0xF81F, 0xF81F, 0xF81F, 0xF81F, 0xF81F, 0xF81F, 0xF81F, 0xF81F, 0xFD81, 0xFDA0, 0xFD80,
    0xFDA0, 0xFDA0, 0xFD80, 0xFDA0, 0xFD80, 0xFDA0, 0xFDA0, 0xFDA0, 0xFDA0, 0xFDA0, 0xFDA0, 0xFDA0,
    0xFDA0, 0xFDA0, 0xFDA0, 0xFDA0, 0xFDA0, 0xFDA0, 0xFDA0, 0xFDA0, 0xFDA0, 0xFDA0, 0xFDA0, 0xFDA0,
    0xFDA0, 0xFDA0, 0xFDA0, 0xFDA0, 0xFDA0, 0xFDA0, 0xFDA0, 0xFDA0, 0xFDA0, 0xFDA0, 0xFDA0, 0xFD80,
    0xFD80, 0xFD80, 0xFD80, 0xFD80, 0xFD80, 0xFD80, 0xFD80, 0xFD80, 0xFD80, 0xFD80, 0xFD80, 0xFD80,
    0xFD80, 0xFDA0, 0xFD81, 0xF81F, 0xF81F, 0xF81F, 0xF81F, 0xF81F, 0xF81F, 0xF81F, 0xF81F, 0xF81F,
    0xF81F, 0xFDE0, 0xFD80, 0xFD80, 0xFDA0, 0xFDA0, 0xFDA0, 0xFDA0, 0xFDA0, 0xFDA0, 0xFDA0, 0xFDA0,
    0xFD80, 0xFDA0, 0xFDA0, 0xFDA0, 0xFDA0, 0xFDA0, 0xFDA0, 0xFDA0, 0xFDA0, 0xFDA0, 0xFDA0, 0xFDA0,
    0xFDA0, 0xFDA0, 0xFDA0, 0xFDA0, 0xFDA0, 0xFDA0, 0xFD80, 0xFD80, 0xFD80, 0xFDA0, 0xFDA0, 0xFDA0,
    0xFDA0, 0xFDA0, 0xFDA0, 0xFD80, 0xFDA0, 0xFDA0, 0xFDA0, 0xFD80, 0xFD80, 0xFD80, 0xFDA0, 0xFD80,
    0xFD80, 0xFD80, 0xFD80, 0xFD80, 0xFD80, 0xFD80, 0xFE00, 0xF81F, 0xF81F, 0xF81F, 0xF81F, 0xF81F,
    0xF81F, 0xF81F, 0xF81F, 0xF81F, 0xFD03, 0xFDE0, 0xFD80, 0xFD80, 0xFD80, 0xFDA0, 0xFDA0, 0xFDA0,
    0xFDA0, 0xFDA0, 0xFD80, 0xFD80, 0xFD80, 0xFDA0, 0xFDA0, 0xFDA0, 0xFDA0, 0xFDA0, 0xFDA0, 0xFDA0,
    0xFDA0, 0xFDA0, 0xFDA0, 0xFDA0, 0xFDA0, 0xFDA0, 0xFDA0, 0xFDA0, 0xFDA0, 0xFDA0, 0xFDA0, 0xFD80,
    0xFDA0, 0xFDA0, 0xFDA0, 0xFDA0, 0xFDA0, 0xFDA0, 0xFDA0, 0xFDA0, 0xFDA0, 0xFDA0, 0xFDA0, 0xFDA0,
    0xFDA0, 0xFDA0, 0xFDA0, 0xFD80, 0xFD80, 0xFD80, 0xFD80, 0xFD80, 0xFD80, 0xFD80, 0xFDE0, 0xFD03,
    0xF81F, 0xF81F, 0xF81F, 0xF81F, 0xF81F, 0xF81F, 0xF81F, 0xF81F, 0xFD42, 0xFDE0, 0xFD80, 0xFD80,
    0xFD80, 0xFDA0, 0xFDA0, 0xFDA0, 0xFDA0, 0xFDA0, 0xFD80, 0xFD80, 0xFD80, 0xFDA0, 0xFDA0, 0xFDA0,
    0xFDA0, 0xFD80, 0xFDA0, 0xFDA0, 0xFDA0, 0xFDA0, 0xFDA0, 0xFDA0, 0xFDA0, 0xFDA0, 0xFDA0, 0xFDA0,
    0xFDA0, 0xFDA0, 0xFDA0, 0xFDA0, 0xFDA0, 0xFDA0, 0xFDA0, 0xFDA0, 0xFDA0, 0xFD80, 0xFDA0, 0xFDA0,
    0xFDA0, 0xFDA0, 0xFDA0, 0xFDA0, 0xFDA0, 0xFDA0, 0xFDA0, 0xFD80, 0xFD80, 0xFD80, 0xFD80, 0xFD80,
    0xFD80, 0xFD80, 0xFDE0, 0xFD42, 0xF81F, 0xF81F, 0xF81F, 0xF81F, 0xF81F, 0xF81F, 0xF81F, 0xF81F,
    0xFD23, 0xFDC0, 0xFD80, 0xFDA0, 0xFDA0, 0xFD80, 0xFD80, 0xFDA0, 0xFDA0, 0xFDA0, 0xFDA0, 0xFD80,
    0xFD80, 0xFDA0, 0xFDA0, 0xFDA0, 0xFDA0, 0xFDA0, 0xFDA0, 0xFDA0, 0xFDA0, 0xFDA0, 0xFDA0, 0xFDA0,
    0xFDA0, 0xFDA0, 0xFDA0, 0xFDA0, 0xFDA0, 0xFD80, 0xFDA0, 0xFDA0, 0xFDA0, 0xFDA0, 0xFDA0, 0xFDA0,
    0xFDA0, 0xFDA0, 0xFDA0, 0xFDA0, 0xFDA0, 0xFD80, 0xFD80, 0xFDA0, 0xFDA0, 0xFD80, 0xFDA0, 0xFDA0,
    0xFD80, 0xFD80, 0xFD80, 0xFD80, 0xFD80, 0xFD80, 0xFDC0, 0xFD23, 0xF81F, 0xF81F, 0xF81F, 0xF81F,
    0xF81F, 0xF81F, 0xF81F, 0xF81F, 0xFD81, 0xFDA0, 0xFD80, 0xFDA0, 0xFDA0, 0xFD80, 0xFD80, 0xFD80,
    0xFD80, 0xFD80, 0xFDA0, 0xFDA0, 0xFDA0, 0xFDA0, 0xFDA0, 0xFDA0, 0xFDA0, 0xFDA0, 0xFDA0, 0xFDA0,
    0xFDA0, 0xFDA0, 0xFDA0, 0xFDA0, 0xFDA0, 0xFDA0, 0xFDA0, 0xFDA0, 0xFDA0, 0xFDA0, 0xFDA0, 0xFDA0,
    0xFDA0, 0xFDA0, 0xFDA0, 0xFDA0, 0xFD80, 0xFDA0, 0xFDA0, 0xFDA0, 0xFDA0, 0xFD80, 0xFD80, 0xFD80,
    0xFD80, 0xFD80, 0xFD80, 0xFD80, 0xFD80, 0xFD80, 0xFD80, 0xFD80, 0xFD80, 0xFD80, 0xFDC0, 0xFD61,
    0xF81F, 0xF81F, 0xF81F, 0xF81F, 0xF81F, 0xF81F, 0xF81F, 0xF81F, 0xFDA0, 0xFDA0, 0xFD80, 0xFDA0,
    0xFDA0, 0xFD80, 0xFD80, 0xFD80, 0xFD80, 0xFD80, 0xFD80, 0xFD80, 0xFDA0, 0xFDA0, 0xFDA0, 0xFDA0,
    0xFDA0, 0xFDA0, 0xFDA0, 0xFDA0, 0xFDA0, 0xFDA0, 0xFDA0, 0xFDA0, 0xFDA0, 0xFDA0, 0xFDA0, 0xFDA0,
    0xFDA0, 0xFDA0, 0xFDA0, 0xFDA0, 0xFDA0, 0xFDA0, 0xFDA0, 0xFD80, 0xFD80, 0xFDA0, 0xFDA0, 0xFDA0,
    0xFD80, 0xFD80, 0xFD80, 0xFD80, 0xFD80, 0xFD80, 0xFD80, 0xFD80, 0xFD80, 0xFD80, 0xFD80, 0xFD80,
    0xFD80, 0xFD80, 0xFDA0, 0xFD80, 0xF81F, 0xF81F, 0xF81F, 0xF81F, 0xF81F, 0xF81F, 0xF81F, 0xF81F,
    0xFDA1, 0xFDA0, 0xFD80, 0xFD80, 0xFDA0, 0xFDA0, 0xFD80, 0xFD80, 0xFD80, 0xFD80, 0xFD80, 0xFD80,
    0xFDA0, 0xFDA0, 0xFDA0, 0xFDA0, 0xFDA0, 0xFDA0, 0xFDA0, 0xFDA0, 0xFDA0, 0xFDA0, 0xFD80, 0xFDA0,
    0xFDA0, 0xFDA0, 0xFDA0, 0xFDA0, 0xFDA0, 0xFD80, 0xFDA0, 0xFDA0, 0xFDA0, 0xFD80, 0xFD80, 0xFD80,
    0xFD80, 0xFDA0, 0xFDA0, 0xFDA0, 0xFDA0, 0xFD80, 0xFD80, 0xFD80, 0xFD80, 0xFD80, 0xFD80, 0xFD80,
    0xFD80, 0xFD80, 0xFD80, 0xFD80, 0xFD80, 0xFD80, 0xFDA0, 0xFD81, 0xF81F, 0xF81F, 0xF81F, 0xF81F,
    0xF81F, 0xF81F, 0xF81F, 0xF81F, 0xFD83, 0xFDA0, 0xFD80, 0xFDA0, 0xFD80, 0xFD80, 0xFD80, 0xFD80,
    0xFD80, 0xFD80, 0xFD80, 0xFD80, 0xFD80, 0xFDA0, 0xFDA0, 0xFDA0, 0xFDA0, 0xFDA0, 0xFDA0, 0xFD80,
    0xFD80, 0xFD80, 0xFD80, 0xFDA0, 0xFDA0, 0xFDA0, 0xFDA0, 0xFDA0, 0xFDA0, 0xFDA0, 0xFD80, 0xFD80,
    0xFD80, 0xFD80, 0xFD80, 0xFD80, 0xFD80, 0xFD80, 0xFD80, 0xFDA0, 0xFDA0, 0xFDA0, 0xFD80, 0xFD80,
    0xFD80, 0xFD80, 0xFD80, 0xFD80, 0xFD80, 0xFD80, 0xFD80, 0xFD80, 0xFD80, 0xFD80, 0xFDA0, 0xFD83,
    0xF81F, 0xF81F, 0xF81F, 0xF81F, 0xF81F, 0xF81F, 0xF81F, 0xF81F, 0xFD82, 0xFDA0, 0xFDA0, 0xFDA0,
    0xFDA0, 0xFDA0, 0xFDA0, 0xFD80, 0xFD80, 0xFDA0, 0xFDA0, 0xFDA0, 0xFD80, 0xFDA0, 0xFDA0, 0xFDA0,
    0xFDA0, 0xFD80, 0xFD80, 0xFD80, 0xFD80, 0xFD80, 0xFD80, 0xFD80, 0xFDA0, 0xFD80, 0xFD80, 0xFDA0,
    0xFDA0, 0xFDA0, 0xFDA0, 0xFD80, 0xFD80, 0xFDA0, 0xFD80, 0xFD80, 0xFD80, 0xFD80, 0xFDA0, 0xFD80,
    0xFD80, 0xFD80, 0xFD80, 0xFD80, 0xFD80, 0xFD80, 0xFD80, 0xFD80, 0xFD80, 0xFD80, 0xFD80, 0xFD80,
    0xFD80, 0xFD80, 0xFDA0, 0xFD83, 0xF81F, 0xF81F, 0xF81F, 0xF81F, 0xF81F, 0xF81F, 0xF81F, 0xF81F,
    0xFD82, 0xFDA0, 0xFDA0, 0xFDA0, 0xFDA0, 0xFDA0, 0xFDA0, 0xFD80, 0xFD80, 0xFDA0, 0xFDA0, 0xFDA0,
    0xFDA0, 0xFDA0, 0xFDA0, 0xFDA0, 0xFDA0, 0xFDA0, 0xFDA0, 0xFDA0, 0xFDA0, 0xFDA0, 0xFDA0, 0xFDA0,
    0xFDA0, 0xFDA0, 0xFDA0, 0xFDA0, 0xFDA0, 0xFDA0, 0xFDA0, 0xFDA0, 0xFDA0, 0xFDA0, 0xFDA0, 0xFDA0,
    0xFDA0, 0xFDA0, 0xFDA0, 0xFDA0, 0xFDA0, 0xFDA0, 0xFDA0, 0xFDA0, 0xFDA0, 0xFDA0, 0xFDA0, 0xFD80,
    0xFD80, 0xFD80, 0xFD80, 0xFD80, 0xFD80, 0xFD80, 0xFDA0, 0xFD83, 0xF81F, 0xF81F, 0xF81F, 0xF81F,
    0xF81F, 0xF81F, 0xF81F, 0xF81F, 0xFD82, 0xFDA0, 0xFD80, 0xFD80, 0xFDA0, 0xFDA0, 0xFDA0, 0xFDA0,
    0xFD80, 0xFD80, 0xFD80, 0xFD80, 0xFD60, 0xFD80, 0xFD80, 0xFD80, 0xFD60, 0xFD60, 0xFD60, 0xFD80,
    0xFD60, 0xFD80, 0xFD60, 0xFD60, 0xFD60, 0xFD60, 0xFD60, 0xFD60, 0xFD80, 0xFD60, 0xFD60, 0xFD60,
    0xFD60, 0xFD60, 0xFD60, 0xFD60, 0xFD60, 0xFD60, 0xFD60, 0xFD60, 0xFD60, 0xFD60, 0xFD60, 0xFD60,
    0xFD60, 0xFD60, 0xFD60, 0xFD80, 0xFDA0, 0xFDA0, 0xFD80, 0xFD80, 0xFD80, 0xFD80, 0xFDA0, 0xFD83,
    0xF81F, 0xF81F, 0xF81F, 0xF81F, 0xF81F, 0xF81F, 0xF81F, 0xF81F, 0xFD82, 0xFDA0, 0xFDA0, 0xFDA0,
    0xFDA0, 0xFDA1, 0xFD80, 0xFD80, 0xFDE4, 0xFE27, 0xFE28, 0xFE28, 0xFE28, 0xFE28, 0xFE28, 0xFE28,
    0xFE28, 0xFE28, 0xFE28, 0xFE28, 0xFE28, 0xFE28, 0xFE28, 0xFE28, 0xFE28, 0xFE28, 0xFE28, 0xFE28,
    0xFE28, 0xFE28, 0xFE28, 0xFE28, 0xFE28, 0xFE28, 0xFE28, 0xFE28, 0xFE28, 0xFE28, 0xFE28, 0xFE28,
    0xFE28, 0xFE28, 0xFE28, 0xFE28, 0xFE28, 0xFE28, 0xFE07, 0xFDC4, 0xFD80, 0xFD80, 0xFDA0, 0xFD80,
    0xFD80, 0xFD80, 0xFDA0, 0xFD83, 0xF81F, 0xF81F, 0xF81F, 0xF81F, 0xF81F, 0xF81F, 0xF81F, 0xF81F,
    0xFD82, 0xFDA0, 0xFDA0, 0xFDA0, 0xFDA1, 0xFD80, 0xFE06, 0xFF56, 0xFFDD, 0xFFFF, 0xFFFF, 0xFFFF,
    0xFFFF, 0xFFFF, 0xFFFF, 0xFFFF, 0xFFFF, 0xFFFF, 0xFFFF, 0xFFFF, 0xFFFF, 0xFFFF, 0xFFFF, 0xFFFF,
    0xFFFF, 0xFFFF, 0xFFFF, 0xFFFF, 0xFFFF, 0xFFFF, 0xFFFF, 0xFFFF, 0xFFFF, 0xFFFF, 0xFFFF, 0xFFFF,
    0xFFFF, 0xFFFF, 0xFFFF, 0xFFFF, 0xFFFF, 0xFFFF, 0xFFFF, 0xFFFF, 0xFFFF, 0xFFFF, 0xFFFF, 0xFFDD,
    0xFF36, 0xFE06, 0xFD60, 0xFDA0, 0xFD80, 0xFD80, 0xFDA0, 0xFD83, 0xF81F, 0xF81F, 0xF81F, 0xF81F,
    0xF81F, 0xF81F, 0xF81F, 0xF81F, 0xFD82, 0xFDA0, 0xFDA0, 0xFDA1, 0xFD80, 0xFE4B, 0xFFFF, 0xFFFF,
    0xFFFF, 0xFFFF, 0xFFFF, 0xFFFF, 0xFFFF, 0xFFFF, 0xFFFF, 0xFFFF, 0xFFFF, 0xFFFF, 0xFFFF, 0xFFFF,
    0xFFFF, 0xFFFF, 0xFFFF, 0xFFFF, 0xFFDE, 0xFFDD, 0xFFDE, 0xFFFF, 0xFFFF, 0xFFFF, 0xFFFF, 0xFFFF,
    0xFFFF, 0xFFFF, 0xFFFF, 0xFFFF, 0xFFFF, 0xFFFF, 0xFFFF, 0xFFFF, 0xFFFF, 0xFFFF, 0xFFFF, 0xFFFF,
    0xFFFF, 0xFFFF, 0xFFFF, 0xFFFF, 0xFFFF, 0xFFFF, 0xFE4A, 0xFD60, 0xFDA0, 0xFD80, 0xFDA0, 0xFD83,
    0xF81F, 0xF81F, 0xF81F, 0xF81F, 0xF81F, 0xF81F, 0xF81F, 0xF81F, 0xFD82, 0xFDA0, 0xFDA1, 0xFD80,
    0xFE06, 0xFFFF, 0xFFFF, 0xFFDD, 0xFEAF, 0xFE27, 0xFE06, 0xFE06, 0xFE27, 0xFE06, 0xFE8C, 0xFFFF,
    0xFEF3, 0xFDE6, 0xFE27, 0xFF9A, 0xFFFF, 0xFF14, 0xFDE5, 0xFE48, 0xFEB0, 0xFF13, 0xFEAF, 0xFE27,
    0xFE06, 0xFE06, 0xFE06, 0xFE06, 0xFE07, 0xFDE6, 0xFF14, 0xFFFF, 0xFF9A, 0xFE07, 0xFDE6, 0xFF13,
    0xFFFF, 0xFE8C, 0xFDE6, 0xFE07, 0xFE06, 0xFE06, 0xFE27, 0xFEAF, 0xFFDD, 0xFFFF, 0xFFFF, 0xFDE6,
    0xFD80, 0xFDA0, 0xFDA0, 0xFD83, 0xF81F, 0xF81F, 0xF81F, 0xF81F, 0xF81F, 0xF81F, 0xF81F, 0xF81F,
    0xFD82, 0xFDA0, 0xFDA1, 0xFD80, 0xFF36, 0xFFFF, 0xFFDD, 0xFE06, 0xFD60, 0xFD60, 0xFD80, 0xFD80,
    0xFD80, 0xFD60, 0xFE06, 0xFFFF, 0xFEAF, 0xFD40, 0xFD80, 0xFF79, 0xFFFF, 0xFEAE, 0xFDE4, 0xFFBC,
    0xFFFF, 0xFFFF, 0xFFFF, 0xFDC3, 0xFD60, 0xFD80, 0xFD80, 0xFD80, 0xFD80, 0xFD60, 0xFED0, 0xFFFF,
    0xFF79, 0xFD80, 0xFD40, 0xFECF, 0xFFFF, 0xFE07, 0xFD40, 0xFD80, 0xFD80, 0xFD80, 0xFD80, 0xFD60,
    0xFE06, 0xFFDD, 0xFFFF, 0xFF35, 0xFD60, 0xFDA0, 0xFDA0, 0xFD83, 0xF81F, 0xF81F, 0xF81F, 0xF81F,
    0xF81F, 0xF81F, 0xF81F, 0xF81F, 0xFD83, 0xFDA0, 0xFD80, 0xFDC3, 0xFFDD, 0xFFFF, 0xFEAF, 0xFD60,
    0xFDA1, 0xFDA0, 0xFDA0, 0xFDA0, 0xFDA1, 0xFD80, 0xFE28, 0xFFFF, 0xFED0, 0xFD60, 0xFD80, 0xFF78,
    0xFFFF, 0xFEF2, 0xFE27, 0xFF9A, 0xFE6B, 0xFE27, 0xFE07, 0xFD80, 0xFD80, 0xFD80, 0xFD80, 0xFDA0,
    0xFDA0, 0xFD60, 0xFF14, 0xFFFF, 0xFF78, 0xFDA0, 0xFD80, 0xFED0, 0xFFFF, 0xFE28, 0xFD80, 0xFDA1,
    0xFDA0, 0xFDA0, 0xFDA0, 0xFDA1, 0xFD60, 0xFEAF, 0xFFFF, 0xFFDD, 0xFDC3, 0xFD80, 0xFDA0, 0xFD83,
    0xF81F, 0xF81F, 0xF81F, 0xF81F, 0xF81F, 0xF81F, 0xF81F, 0xF81F, 0xFD82, 0xFDA0, 0xFD80, 0xFE07,
    0xFFFF, 0xFFFF, 0xFE07, 0xFD80, 0xFDA0, 0xFDA0, 0xFDA0, 0xFDA0, 0xFDA0, 0xFD80, 0xFE27, 0xFFFF,
    0xFECF, 0xFD60, 0xFD60, 0xFED0, 0xFFFF, 0xFFDE, 0xFE6B, 0xFDA2, 0xFDA0, 0xFDA1, 0xFDA1, 0xFDC2,
    0xFDC2, 0xFDC2, 0xFDC2, 0xFDC2, 0xFDC3, 0xFE6C, 0xFFDE, 0xFFFF, 0xFED0, 0xFD80, 0xFD80, 0xFED0,
    0xFFFF, 0xFE28, 0xFD80, 0xFDA0, 0xFDA0, 0xFD80, 0xFDA0, 0xFDA0, 0xFD80, 0xFE07, 0xFFFF, 0xFFFF,
    0xFE06, 0xFD60, 0xFDA0, 0xFD83, 0xF81F, 0xF81F, 0xF81F, 0xF81F, 0xF81F, 0xF81F, 0xF81F, 0xF81F,
    0xFD82, 0xFDA0, 0xFD80, 0xFE06, 0xFFFF, 0xFFFF, 0xFE07, 0xFD80, 0xFDA0, 0xFDA0, 0xFDA0, 0xFDA0,
    0xFDA0, 0xFD80, 0xFE27, 0xFFFF, 0xFECF, 0xFD60, 0xFDA0, 0xFDA2, 0xFFBB, 0xFFFF, 0xFFFF, 0xFFDD,
    0xFFDD, 0xFFDD, 0xFFDD, 0xFFDD, 0xFFDD, 0xFFDD, 0xFFDD, 0xFFDD, 0xFFDD, 0xFFFF, 0xFFFF, 0xFF9B,
    0xFDA2, 0xFDA0, 0xFD60, 0xFED0, 0xFFFF, 0xFE28, 0xFD60, 0xFDA0, 0xFD80, 0xFD80, 0xFD80, 0xFDA0,
    0xFD80, 0xFE07, 0xFFFF, 0xFFFF, 0xFE07, 0xFD60, 0xFDA0, 0xFD83, 0xF81F, 0xF81F, 0xF81F, 0xF81F,
    0xF81F, 0xF81F, 0xF81F, 0xF81F, 0xFD82, 0xFDA0, 0xFD80, 0xFDC3, 0xFFDD, 0xFFFF, 0xFEAF, 0xFD60,
    0xFDA1, 0xFDA0, 0xFDA0, 0xFDA0, 0xFDA1, 0xFD80, 0xFE28, 0xFFFF, 0xFECF, 0xFD60, 0xFDA1, 0xFD80,
    0xFDE4, 0xFF56, 0xFFFE, 0xFFFF, 0xFFFF, 0xFFFF, 0xFFFF, 0xFFFF, 0xFFFF, 0xFFFF, 0xFFFF, 0xFFFF,
    0xFFFF, 0xFFFE, 0xFF56, 0xFDC4, 0xFD80, 0xFDA1, 0xFD80, 0xFED0, 0xFFFF, 0xFE28, 0xFD80, 0xFDA1,
    0xFDA0, 0xFDA0, 0xFDA0, 0xFDA1, 0xFD60, 0xFEAF, 0xFFFF, 0xFFDD, 0xFDC3, 0xFD80, 0xFDA0, 0xFD83,
    0xF81F, 0xF81F, 0xF81F, 0xF81F, 0xF81F, 0xF81F, 0xF81F, 0xF81F, 0xFD82, 0xFDA0, 0xFDA0, 0xFD80,
    0xFF36, 0xFFFF, 0xFFDD, 0xFE06, 0xFD60, 0xFD80, 0xFD80, 0xFD80, 0xFD80, 0xFD60, 0xFE06, 0xFFFF,
    0xFEAF, 0xFD40, 0xFD80, 0xFD80, 0xFD60, 0xFD60, 0xFDC3, 0xFE05, 0xFE05, 0xFE05, 0xFE05, 0xFE05,
    0xFE05, 0xFE05, 0xFE05, 0xFE05, 0xFE05, 0xFDC3, 0xFD60, 0xFD60, 0xFD80, 0xFD80, 0xFD60, 0xFECF,
    0xFFFF, 0xFE07, 0xFD60, 0xFD80, 0xFD80, 0xFD80, 0xFD80, 0xFD60, 0xFE06, 0xFFDD, 0xFFFF, 0xFF35,
    0xFD80, 0xFDA0, 0xFDA0, 0xFD83, 0xF81F, 0xF81F, 0xF81F, 0xF81F, 0xF81F, 0xF81F, 0xF81F, 0xF81F,
    0xFD82, 0xFDA0, 0xFDA1, 0xFD80, 0xFE06, 0xFFFF, 0xFFFF, 0xFFDD, 0xFEAF, 0xFE27, 0xFE06, 0xFE27,
    0xFE27, 0xFE06, 0xFE8C, 0xFFFF, 0xFEF2, 0xFDE6, 0xFE27, 0xFE26, 0xFE27, 0xFE27, 0xFE05, 0xFE05,
    0xFE05, 0xFE05, 0xFE05, 0xFDE5, 0xFDE5, 0xFE05, 0xFE05, 0xFE05, 0xFE05, 0xFE06, 0xFE27, 0xFE27,
    0xFE06, 0xFE27, 0xFDE6, 0xFF13, 0xFFFF, 0xFE8C, 0xFE06, 0xFE27, 0xFE26, 0xFE06, 0xFE27, 0xFEAF,
    0xFFDD, 0xFFFF, 0xFFFF, 0xFE06, 0xFD80, 0xFDA1, 0xFDA0, 0xFD83, 0xF81F, 0xF81F, 0xF81F, 0xF81F,
    0xF81F, 0xF81F, 0xF81F, 0xF81F, 0xFD82, 0xFDA0, 0xFDA0, 0xFDA0, 0xFD80, 0xFE6B, 0xFFFF, 0xFFFF,
    0xFFFF, 0xFFFF, 0xFFFF, 0xFFFF, 0xFFFF, 0xFFFF, 0xFFFF, 0xFFFF, 0xFFFF, 0xFFFF, 0xFFFF, 0xFFFF,
    0xFFFF, 0xFFFF, 0xFFFF, 0xFFFF, 0xFFFF, 0xFFFF, 0xFFFF, 0xFFFF, 0xFFFF, 0xFFFF, 0xFFFF, 0xFFFF,
    0xFFFF, 0xFFFF, 0xFFFF, 0xFFFF, 0xFFFF, 0xFFFF, 0xFFFF, 0xFFFF, 0xFFFF, 0xFFFF, 0xFFFF, 0xFFFF,
    0xFFFF, 0xFFFF, 0xFFFF, 0xFFFF, 0xFFFF, 0xFFFF, 0xFE4B, 0xFD60, 0xFDA0, 0xFDA0, 0xFDC0, 0xFD83,
    0xF81F, 0xF81F, 0xF81F, 0xF81F, 0xF81F, 0xF81F, 0xF81F, 0xF81F, 0xFD83, 0xFDA0, 0xFD80, 0xFDA0,
    0xFDA0, 0xFD80, 0xFE07, 0xFF56, 0xFFDD, 0xFFFF, 0xFFFF, 0xFFFF, 0xFFFF, 0xFFFF, 0xFFFF, 0xFFFF,
    0xFFFF, 0xFFFF, 0xFFFF, 0xFFFF, 0xFFFF, 0xFFFF, 0xFFFF, 0xFFFF, 0xFFFF, 0xFFFF, 0xFFFF, 0xFFFF,
    0xFFFF, 0xFFFF, 0xFFFF, 0xFFFF, 0xFFFF, 0xFFFF, 0xFFFF, 0xFFFF, 0xFFFF, 0xFFFF, 0xFFFF, 0xFFFF,
    0xFFFF, 0xFFFF, 0xFFFF, 0xFFFF, 0xFFFF, 0xFFFF, 0xFFFF, 0xFFDD, 0xFF56, 0xFE07, 0xFD60, 0xFDA0,
    0xFDA0, 0xFDA0, 0xFDC0, 0xFD83, 0xF81F, 0xF81F, 0xF81F, 0xF81F, 0xF81F, 0xF81F, 0xF81F, 0xF81F,
    0xFD82, 0xFDA0, 0xFD80, 0xFD80, 0xFD80, 0xFDA1, 0xFD80, 0xFD80, 0xFDE4, 0xFE27, 0xFE28, 0xFE28,
    0xFE28, 0xFE28, 0xFE28, 0xFE28, 0xFE28, 0xFE28, 0xFE28, 0xFE28, 0xFE28, 0xFE28, 0xFE28, 0xFE28,
    0xFE28, 0xFE28, 0xFE28, 0xFE28, 0xFE28, 0xFE28, 0xFE28, 0xFE28, 0xFE28, 0xFE28, 0xFE28, 0xFE28,
    0xFE28, 0xFE28, 0xFE28, 0xFE28, 0xFE28, 0xFE28, 0xFE28, 0xFE28, 0xFE28, 0xFE28, 0xFE27, 0xFDE4,
    0xFD80, 0xFD80, 0xFDA1, 0xFD80, 0xFD80, 0xFDA0, 0xFDC0, 0xFD83, 0xF81F, 0xF81F, 0xF81F, 0xF81F,
    0xF81F, 0xF81F, 0xF81F, 0xF81F, 0xFD82, 0xFDA0, 0xFD80, 0xFD80, 0xFDA0, 0xFDA0, 0xFDA0, 0xFDA0,
    0xFD80, 0xFD60, 0xFD60, 0xFD60, 0xFD60, 0xFD80, 0xFD80, 0xFD80, 0xFD60, 0xFD60, 0xFD60, 0xFD80,
    0xFD80, 0xFD60, 0xFD60, 0xFD60, 0xFD80, 0xFD80, 0xFD60, 0xFD80, 0xFD80, 0xFD80, 0xFD60, 0xFD80,
    0xFD80, 0xFD60, 0xFD60, 0xFD80, 0xFD80, 0xFD80, 0xFD80, 0xFD60, 0xFD60, 0xFD60, 0xFD60, 0xFD60,
    0xFD60, 0xFD60, 0xFD80, 0xFD80, 0xFDA0, 0xFDA0, 0xFD80, 0xFD80, 0xFD80, 0xFD80, 0xFDA0, 0xFD83,
    0xF81F, 0xF81F, 0xF81F, 0xF81F, 0xF81F, 0xF81F, 0xF81F, 0xF81F, 0xFD82, 0xFDA0, 0xFDA0, 0xFD80,
    0xFD80, 0xFDA0, 0xFDA0, 0xFDA0, 0xFDA0, 0xFDA0, 0xFDA0, 0xFDA0, 0xFDA1, 0xFDA1, 0xFDA1, 0xFDA0,
    0xFDA0, 0xFDA0, 0xFDA0, 0xFDA0, 0xFDA0, 0xFDA0, 0xFDA0, 0xFDA0, 0xFDA1, 0xFDA0, 0xFDA1, 0xFDA1,
    0xFDA1, 0xFDA0, 0xFDA0, 0xFDA0, 0xFDA0, 0xFDA0, 0xFDA0, 0xFDA0, 0xFDA0, 0xFDA0, 0xFDA0, 0xFDA0,
    0xFDA0, 0xFDA0, 0xFDA0, 0xFDA0, 0xFD80, 0xFD80, 0xFDA0, 0xFDA0, 0xFD80, 0xFD80, 0xFD80, 0xFD80,
    0xFD80, 0xFD80, 0xFDA0, 0xFD83, 0xF81F, 0xF81F, 0xF81F, 0xF81F, 0xF81F, 0xF81F, 0xF81F, 0xF81F,
    0xFD82, 0xFDA0, 0xFDA0, 0xFD80, 0xFD80, 0xFD80, 0xFD80, 0xFDA0, 0xFDA0, 0xFDA0, 0xFDA0, 0xFDA0,
    0xFD80, 0xFD80, 0xFD80, 0xFDA0, 0xFDA0, 0xFDA0, 0xFD80, 0xFD80, 0xFD80, 0xFDA0, 0xFDA0, 0xFDA0,
    0xFDA0, 0xFDA0, 0xFDA0, 0xFDA0, 0xFDA0, 0xFDA0, 0xFDA0, 0xFDA0, 0xFDA0, 0xFDA0, 0xFD80, 0xFDA0,
    0xFDA0, 0xFDA0, 0xFDA0, 0xFDA0, 0xFD80, 0xFD80, 0xFD80, 0xFD80, 0xFD80, 0xFD80, 0xFD80, 0xFD80,
    0xFD80, 0xFD80, 0xFD80, 0xFD80, 0xFD80, 0xFD80, 0xFDA0, 0xFD83, 0xF81F, 0xF81F, 0xF81F, 0xF81F,
    0xF81F, 0xF81F, 0xF81F, 0xF81F, 0xFD63, 0xFDA0, 0xFDA0, 0xFDA0, 0xFD80, 0xFD80, 0xFD80, 0xFDA0,
    0xFDA0, 0xFDA0, 0xFDA0, 0xFDA0, 0xFD80, 0xFD80, 0xFDA0, 0xFD80, 0xFD80, 0xFD80, 0xFD80, 0xFDA0,
    0xFDA0, 0xFD80, 0xFDA0, 0xFDA0, 0xFDA0, 0xFDA0, 0xFDA0, 0xFDA0, 0xFDA0, 0xFDA0, 0xFDA0, 0xFDA0,
    0xFDA0, 0xFDA0, 0xFD80, 0xFD80, 0xFDA0, 0xFDA0, 0xFDA0, 0xFDA0, 0xFDA0, 0xFD80, 0xFD80, 0xFD80,
    0xFD80, 0xFD80, 0xFD80, 0xFD80, 0xFD80, 0xFD80, 0xFD80, 0xFD80, 0xFD80, 0xFD80, 0xFDA0, 0xFD83,
    0xF81F, 0xF81F, 0xF81F, 0xF81F, 0xF81F, 0xF81F, 0xF81F, 0xF81F, 0xFD81, 0xFDA0, 0xFDA0, 0xFDA0,
    0xFDA0, 0xFD80, 0xFD80, 0xFDA0, 0xFDA0, 0xFDA0, 0xFDA0, 0xFDA0, 0xFDA0, 0xFDA0, 0xFDA0, 0xFD80,
    0xFD80, 0xFDA0, 0xFDA0, 0xFDA0, 0xFDA0, 0xFD80, 0xFDA0, 0xFDA0, 0xFDA0, 0xFDA0, 0xFDA0, 0xFDA0,
    0xFDA0, 0xFDA0, 0xFDA0, 0xFDA0, 0xFDA0, 0xFD80, 0xFDA0, 0xFDA0, 0xFDA0, 0xFDA0, 0xFDA0, 0xFDA0,
    0xFDA0, 0xFD80, 0xFD80, 0xFD80, 0xFD80, 0xFD80, 0xFD80, 0xFD80, 0xFD80, 0xFD80, 0xFD80, 0xFD80,
    0xFD80, 0xFD80, 0xFDA0, 0xFD81, 0xF81F, 0xF81F, 0xF81F, 0xF81F, 0xF81F, 0xF81F, 0xF81F, 0xF81F,
    0xFD80, 0xFDA0, 0xFD80, 0xFDA0, 0xFDA0, 0xFDA0, 0xFDA0, 0xFDA0, 0xFDA0, 0xFDA0, 0xFDA0, 0xFDA0,
    0xFDA0, 0xFD80, 0xFDA0, 0xFDA0, 0xFDA0, 0xFDA0, 0xFDA0, 0xFDA0, 0xFDA0, 0xFDA0, 0xFDA0, 0xFDA0,
    0xFDA0, 0xFDA0, 0xFDA0, 0xFD80, 0xFDA0, 0xFDA0, 0xFDA0, 0xFDA0, 0xFDA0, 0xFDA0, 0xFDA0, 0xFD80,
    0xFDA0, 0xFD80, 0xFDA0, 0xFDA0, 0xFDA0, 0xFD80, 0xFD80, 0xFD80, 0xFD80, 0xFD80, 0xFD80, 0xFD80,
    0xFDA0, 0xFD80, 0xFD80, 0xFD80, 0xFD80, 0xFD80, 0xFDA0, 0xFD80, 0xF81F, 0xF81F, 0xF81F, 0xF81F,
    0xF81F, 0xF81F, 0xF81F, 0xF81F, 0xFD81, 0xFDC0, 0xFD80, 0xFDA0, 0xFDA0, 0xFDA0, 0xFDA0, 0xFDA0,
    0xFDA0, 0xFD80, 0xFD80, 0xFD80, 0xFD80, 0xFDA0, 0xFDA0, 0xFDA0, 0xFDA0, 0xFDA0, 0xFDA0, 0xFDA0,
    0xFDA0, 0xFDA0, 0xFDA0, 0xFDA0, 0xFDA0, 0xFDA0, 0xFDA0, 0xFDA0, 0xFDA0, 0xFDA0, 0xFDA0, 0xFDA0,
    0xFDA0, 0xFDA0, 0xFDA0, 0xFDA0, 0xFD80, 0xFD80, 0xFD80, 0xFD80, 0xFDA0, 0xFD80, 0xFD80, 0xFD80,
    0xFD80, 0xFD80, 0xFD80, 0xFD80, 0xFDA0, 0xFDA0, 0xFD80, 0xFD80, 0xFD80, 0xFD80, 0xFDA0, 0xFD81,
    0xF81F, 0xF81F, 0xF81F, 0xF81F, 0xF81F, 0xF81F, 0xF81F, 0xF81F, 0xFD43, 0xFDC0, 0xFD80, 0xFDA0,
    0xFDA0, 0xFDA0, 0xFDA0, 0xFDA0, 0xFDA0, 0xFD80, 0xFD80, 0xFD80, 0xFD80, 0xFD80, 0xFDA0, 0xFDA0,
    0xFDA0, 0xFDA0, 0xFDA0, 0xFDA0, 0xFDA0, 0xFDA0, 0xFDA0, 0xFDA0, 0xFDA0, 0xFDA0, 0xFDA0, 0xFDA0,
    0xFDA0, 0xFDA0, 0xFDA0, 0xFDA0, 0xFDA0, 0xFDA0, 0xFDA0, 0xFDA0, 0xFD80, 0xFD80, 0xFD80, 0xFD80,
    0xFDA0, 0xFDA0, 0xFD80, 0xFD80, 0xFD80, 0xFD80, 0xFD80, 0xFD80, 0xFD80, 0xFD80, 0xFD80, 0xFD80,
    0xFD80, 0xFD80, 0xFDC0, 0xFD23, 0xF81F, 0xF81F, 0xF81F, 0xF81F, 0xF81F, 0xF81F, 0xF81F, 0xF81F,
    0xFD42, 0xFDE0, 0xFD80, 0xFDA0, 0xFDA0, 0xFDA0, 0xFDA0, 0xFDA0, 0xFDA0, 0xFD80, 0xFD80, 0xFD80,
    0xFD80, 0xFD80, 0xFD80, 0xFDA0, 0xFDA0, 0xFDA0, 0xFDA0, 0xFDA0, 0xFDA0, 0xFDA0, 0xFDA0, 0xFDA0,
    0xFDA0, 0xFDA0, 0xFDA0, 0xFDA0, 0xFDA0, 0xFDA0, 0xFDA0, 0xFDA0, 0xFD80, 0xFDA0, 0xFDA0, 0xFDA0,
    0xFD80, 0xFD80, 0xFD80, 0xFD80, 0xFDA0, 0xFDA0, 0xFD80, 0xFD80, 0xFD80, 0xFD80, 0xFD80, 0xFD80,
    0xFD80, 0xFD80, 0xFD80, 0xFD80, 0xFD80, 0xFD80, 0xFDE0, 0xFD22, 0xF81F, 0xF81F, 0xF81F, 0xF81F,
    0xF81F, 0xF81F, 0xF81F, 0xF81F, 0xFD23, 0xFDE0, 0xFD80, 0xFD80, 0xFDA0, 0xFDA0, 0xFDA0, 0xFDA0,
    0xFD80, 0xFDA0, 0xFDA0, 0xFDA0, 0xFD80, 0xFD80, 0xFD80, 0xFDA0, 0xFDA0, 0xFDA0, 0xFD80, 0xFD80,
    0xFD80, 0xFDA0, 0xFDA0, 0xFDA0, 0xFDA0, 0xFDA0, 0xFDA0, 0xFDA0, 0xFDA0, 0xFDA0, 0xFDA0, 0xFDA0,
    0xFDA0, 0xFD80, 0xFDA0, 0xFDA0, 0xFDA0, 0xFDA0, 0xFD80, 0xFD80, 0xFD80, 0xFDA0, 0xFDA0, 0xFDA0,
    0xFDA0, 0xFD80, 0xFD80, 0xFD80, 0xFD80, 0xFD80, 0xFD80, 0xFD80, 0xFD80, 0xFDA0, 0xFE00, 0xFD23,
    0xF81F, 0xF81F, 0xF81F, 0xF81F, 0xF81F, 0xF81F, 0xF81F, 0xF81F, 0xFCC5, 0xFE00, 0xFD80, 0xFDA0,
    0xFDA0, 0xFDA0, 0xFD80, 0xFDA0, 0xFD80, 0xFD80, 0xFDA0, 0xFDA0, 0xFD80, 0xFD80, 0xFD80, 0xFD80,
    0xFDA0, 0xFDA0, 0xFDA0, 0xFD80, 0xFD80, 0xFDA0, 0xFDA0, 0xFDA0, 0xFDA0, 0xFDA0, 0xFD80, 0xFD80,
    0xFDA0, 0xFDA0, 0xFDA0, 0xFDA0, 0xFDA0, 0xFD80, 0xFD80, 0xFDA0, 0xFDA0, 0xFDA0, 0xFD80, 0xFD80,
    0xFD80, 0xFDA0, 0xFDA0, 0xFDA0, 0xFDA0, 0xFD80, 0xFD80, 0xFD80, 0xFD80, 0xFD80, 0xFD80, 0xFD80,
    0xFD80, 0xFD80, 0xFE00, 0xFCA5, 0xF81F, 0xF81F, 0xF81F, 0xF81F, 0xF81F, 0xF81F, 0xF81F, 0xF81F,
    0xF81F, 0xFDA1, 0xFDA0, 0xFDA0, 0xFDA0, 0xFD80, 0xFD80, 0xFD80, 0xFD80, 0xFD80, 0xFD80, 0xFD80,
    0xFD80, 0xFD80, 0xFD80, 0xFD80, 0xFD80, 0xFDA0, 0xFDA0, 0xFD80, 0xFD80, 0xFDA0, 0xFDA0, 0xFDA0,
    0xFDA0, 0xFDA0, 0xFDA0, 0xFD80, 0xFDA0, 0xFDA0, 0xFD80, 0xFDA0, 0xFDA0, 0xFDA0, 0xFDA0, 0xFD80,
    0xFD80, 0xFD80, 0xFD80, 0xFD80, 0xFD80, 0xFD80, 0xFDA0, 0xFDA0, 0xFDA0, 0xFD80, 0xFD80, 0xFD80,
    0xFD80, 0xFD80, 0xFD80, 0xFD80, 0xFD80, 0xFDA0, 0xFDA1, 0xF81F, 0xF81F, 0xF81F, 0xF81F, 0xF81F,
    0xF81F, 0xF81F, 0xF81F, 0xF81F, 0xF81F, 0xFD04, 0xFDE0, 0xFD80, 0xFDA0, 0xFD80, 0xFD80, 0xFD80,
    0xFD80, 0xFDA0, 0xFDA0, 0xFD80, 0xFD80, 0xFD80, 0xFD80, 0xFD80, 0xFD80, 0xFD80, 0xFD80, 0xFDA0,
    0xFD80, 0xFDA0, 0xFDA0, 0xFDA0, 0xFDA0, 0xFD80, 0xFDA0, 0xFDA0, 0xFDA0, 0xFDA0, 0xFDA0, 0xFDA0,
    0xFDA0, 0xFDA0, 0xFDA0, 0xFDA0, 0xFD80, 0xFD80, 0xFD80, 0xFD80, 0xFD80, 0xFD80, 0xFD80, 0xFDA0,
    0xFD80, 0xFD80, 0xFD80, 0xFD80, 0xFD80, 0xFD80, 0xFD80, 0xFD80, 0xFD80, 0xFDE0, 0xFD22, 0xF81F,
    0xF81F, 0xF81F, 0xF81F, 0xF81F, 0xF81F, 0xF81F, 0xF81F, 0xF81F, 0xF81F, 0xF81F, 0xFDE1, 0xFDA0,
    0xFDA0, 0xFDA0, 0xFD80, 0xFD80, 0xFD80, 0xFDA0, 0xFDA0, 0xFDA0, 0xFDA0, 0xFD80, 0xFD80, 0xFD80,
    0xFD80, 0xFD80, 0xFD80, 0xFD80, 0xFD80, 0xFD80, 0xFDA0, 0xFD80, 0xFD80, 0xFDA0, 0xFDA0, 0xFDA0,
    0xFDA0, 0xFDA0, 0xFDA0, 0xFDA0, 0xFDA0, 0xFD80, 0xFD80, 0xFD80, 0xFD80, 0xFD80, 0xFD80, 0xFDA0,
    0xFDA0, 0xFD80, 0xFD80, 0xFD80, 0xFD80, 0xFD80, 0xFD80, 0xFD80, 0xFD80, 0xFD80, 0xFD80, 0xFD80,
    0xFDA0, 0xFDE1, 0xF81F, 0xF81F, 0xF81F, 0xF81F, 0xF81F, 0xF81F, 0xF81F, 0xF81F, 0xF81F, 0xF81F,
    0xF81F, 0xF81F, 0xFD23, 0xFE00, 0xFD80, 0xFDA0, 0xFD80, 0xFD80, 0xFDA0, 0xFDA0, 0xFDA0, 0xFDA0,
    0xFDA0, 0xFD80, 0xFD80, 0xFD80, 0xFD80, 0xFD80, 0xFD80, 0xFD80, 0xFD80, 0xFD80, 0xFD80, 0xFD80,
    0xFD80, 0xFD80, 0xFDA0, 0xFDA0, 0xFDA0, 0xFD80, 0xFD80, 0xFDA0, 0xFD80, 0xFD80, 0xFD80, 0xFD80,
    0xFD80, 0xFD80, 0xFD80, 0xFD80, 0xFD80, 0xFD80, 0xFD80, 0xFD80, 0xFD80, 0xFD80, 0xFD80, 0xFD80,
    0xFD80, 0xFD80, 0xFD80, 0xFD80, 0xFE00, 0xFD23, 0xF81F, 0xF81F, 0xF81F, 0xF81F, 0xF81F, 0xF81F,
    0xF81F, 0xF81F, 0xF81F, 0xF81F, 0xF81F, 0xF81F, 0xF81F, 0xFD82, 0xFDC0, 0xFD80, 0xFDA0, 0xFD80,
    0xFD80, 0xFD80, 0xFD80, 0xFD80, 0xFD80, 0xFD80, 0xFD80, 0xFD80, 0xFDA0, 0xFD80, 0xFD80, 0xFD80,
    0xFD80, 0xFD80, 0xFD80, 0xFD80, 0xFDA0, 0xFD80, 0xFDA0, 0xFDA0, 0xFDA0, 0xFD80, 0xFD80, 0xFD80,
    0xFDA0, 0xFD80, 0xFD80, 0xFD80, 0xFD80, 0xFD80, 0xFD80, 0xFD80, 0xFD80, 0xFD80, 0xFD80, 0xFD80,
    0xFD80, 0xFD80, 0xFD80, 0xFD80, 0xFD80, 0xFDA0, 0xFD80, 0xFDE0, 0xFD82, 0xF81F, 0xF81F, 0xF81F,
    0xF81F, 0xF81F, 0xF81F, 0xF81F, 0xF81F, 0xF81F, 0xF81F, 0xF81F, 0xF81F, 0xF81F, 0xF81F, 0xF81F,
    0xFDC0, 0xFDC0, 0xFD80, 0xFD80, 0xFD80, 0xFD80, 0xFD80, 0xFD80, 0xFD80, 0xFD80, 0xFD80, 0xFD80,
    0xFD80, 0xFD80, 0xFD80, 0xFD80, 0xFDA0, 0xFDA0, 0xFDA0, 0xFDA0, 0xFDA0, 0xFD80, 0xFD80, 0xFDA0,
    0xFDA0, 0xFD80, 0xFD80, 0xFD80, 0xFDA0, 0xFDA0, 0xFDA0, 0xFD80, 0xFD80, 0xFD80, 0xFD80, 0xFD80,
    0xFDA0, 0xFD80, 0xFD80, 0xFD80, 0xFD80, 0xFD80, 0xFD80, 0xFD80, 0xFD80, 0xFD80, 0xFDC0, 0xFDA1,
    0xF81F, 0xF81F, 0xF81F, 0xF81F, 0xF81F, 0xF81F, 0xF81F, 0xF81F, 0xF81F, 0xF81F, 0xF81F, 0xF81F,
    0xF81F, 0xF81F, 0xF81F, 0xF81F, 0xF81F, 0xFDA2, 0xFE00, 0xFD80, 0xFD80, 0xFD80, 0xFD80, 0xFD80,
    0xFD80, 0xFD80, 0xFD80, 0xFD80, 0xFD80, 0xFD80, 0xFD80, 0xFDA0, 0xFDA0, 0xFDA0, 0xFDA0, 0xFDA0,
    0xFDA0, 0xFD80, 0xFD80, 0xFDA0, 0xFDA0, 0xFD80, 0xFD80, 0xFD80, 0xFD80, 0xFD80, 0xFD80, 0xFDA0,
    0xFD80, 0xFD80, 0xFD80, 0xFD80, 0xFD80, 0xFD80, 0xFD80, 0xFD80, 0xFD80, 0xFD80, 0xFD80, 0xFD80,
    0xFD80, 0xFE00, 0xFDA1, 0xF81F, 0xF81F, 0xF81F, 0xF81F, 0xF81F, 0xF81F, 0xF81F, 0xF81F, 0xF81F,
    0xF81F, 0xF81F, 0xF81F, 0xF81F, 0xF81F, 0xF81F, 0xF81F, 0xF81F, 0xF81F, 0xF81F, 0xFD43, 0xFE01,
    0xFDE0, 0xFDA0, 0xFD80, 0xFD80, 0xFD80, 0xFD80, 0xFD80, 0xFD80, 0xFD80, 0xFD80, 0xFD80, 0xFDA0,
    0xFDA0, 0xFDA0, 0xFD80, 0xFDA0, 0xFDA0, 0xFD80, 0xFD80, 0xFD80, 0xFD80, 0xFD80, 0xFD80, 0xFD80,
    0xFD80, 0xFD80, 0xFDA0, 0xFDA0, 0xFD80, 0xFD80, 0xFD80, 0xFD80, 0xFD80, 0xFD80, 0xFD80, 0xFD80,
    0xFD80, 0xFD80, 0xFDA0, 0xFDE0, 0xFE01, 0xFD43, 0xF81F, 0xF81F, 0xF81F, 0xF81F, 0xF81F, 0xF81F,
    0xF81F, 0xF81F, 0xF81F, 0xF81F, 0xF81F, 0xF81F, 0xF81F, 0xF81F, 0xF81F, 0xF81F, 0xF81F, 0xF81F,
    0xF81F, 0xF81F, 0xF81F, 0xF81F, 0xFD82, 0xFDC1, 0xFE00, 0xFDE0, 0xFDC0, 0xFDA0, 0xFDA0, 0xFDA0,
    0xFDA0, 0xFDA0, 0xFDA0, 0xFDA0, 0xFDA0, 0xFDA0, 0xFDA0, 0xFDA0, 0xFDA0, 0xFDA0, 0xFDA0, 0xFDA0,
    0xFDA0, 0xFDA0, 0xFDA0, 0xFDA0, 0xFDA0, 0xFDA0, 0xFDA0, 0xFDA0, 0xFDA0, 0xFDA0, 0xFDA0, 0xFDA0,
    0xFDA0, 0xFDA0, 0xFDA0, 0xFDC0, 0xFDE0, 0xFE00, 0xFDC1, 0xFD62, 0xF81F, 0xF81F, 0xF81F, 0xF81F,
    0xF81F, 0xF81F, 0xF81F, 0xF81F, 0xF81F, 0xF81F, 0xF81F, 0xF81F, 0xF81F, 0xF81F, 0xF81F, 0xF81F,
    0xF81F, 0xF81F, 0xF81F, 0xF81F, 0xF81F, 0xF81F, 0xF81F, 0xF81F, 0xF81F, 0xF81F, 0xFD24, 0xFD62,
    0xFD42, 0xFD81, 0xFD62, 0xFDA2, 0xFDA1, 0xFDA1, 0xFDC1, 0xFDC1, 0xFDA1, 0xFDC1, 0xFDA1, 0xFDA1,
    0xFDA1, 0xFDA1, 0xFDA1, 0xFDC1, 0xFDC1, 0xFDC1, 0xFDA1, 0xFDA1, 0xFDA1, 0xFDA1, 0xFDA1, 0xFDA1,
    0xFDA1, 0xFDA1, 0xFDA1, 0xFDA1, 0xFDA2, 0xFD62, 0xFD81, 0xFD43, 0xFD63, 0xFD05, 0xF81F, 0xF81F,
    0xF81F, 0xF81F, 0xF81F, 0xF81F, 0xF81F, 0xF81F, 0xF81F, 0xF81F, 0xF81F, 0xF81F, 0xF81F, 0xF81F,
    0xF81F, 0xF81F, 0xF81F, 0xF81F, 0xF81F, 0xF81F, 0xF81F, 0xF81F, 0xF81F, 0xF81F, 0xF81F, 0xF81F,
    0xF81F, 0xF81F, 0xF81F, 0xF81F, 0xF81F, 0xF81F, 0xF81F, 0xF81F, 0xF81F, 0xF81F, 0xF81F, 0xF81F,
    0xF81F, 0xF81F, 0xF81F, 0xF81F, 0xF81F, 0xF81F, 0xF81F, 0xF81F, 0xF81F, 0xF81F, 0xF81F, 0xF81F,
    0xF81F, 0xF81F, 0xF81F, 0xF81F, 0xF81F, 0xF81F, 0xF81F, 0xF81F, 0xF81F, 0xF81F, 0xF81F, 0xF81F,
    0xF81F, 0xF81F, 0xF81F, 0xF81F, 0xF81F, 0xF81F, 0xF81F, 0xF81F, 0xF81F, 0xF81F, 0xF81F, 0xF81F,
    0xF81F, 0xF81F, 0xF81F, 0xF81F, 0xF81F, 0xF81F, 0xF81F, 0xF81F, 0xF81F, 0xF81F, 0xF81F, 0xF81F,
    0xF81F, 0xF81F, 0xF81F, 0xF81F, 0xF81F, 0xF81F, 0xF81F, 0xF81F, 0xF81F, 0xF81F, 0xF81F, 0xF81F,
    0xF81F, 0xF81F, 0xF81F, 0xF81F, 0xF81F, 0xF81F, 0xF81F, 0xF81F, 0xF81F, 0xF81F, 0xF81F, 0xF81F,
    0xF81F, 0xF81F, 0xF81F, 0xF81F, 0xF81F, 0xF81F, 0xF81F, 0xF81F, 0xF81F, 0xF81F, 0xF81F, 0xF81F,
    0xF81F, 0xF81F, 0xF81F, 0xF81F, 0xF81F, 0xF81F, 0xF81F, 0xF81F, 0xF81F, 0xF81F, 0xF81F, 0xF81F,
    0xF81F, 0xF81F, 0xF81F, 0xF81F, 0xF81F, 0xF81F, 0xF81F, 0xF81F, 0xF81F, 0xF81F, 0xF81F, 0xF81F,
    0xF81F, 0xF81F, 0xF81F, 0xF81F, 0xF81F, 0xF81F, 0xF81F, 0xF81F, 0xF81F, 0xF81F, 0xF81F, 0xF81F,
    0xF81F, 0xF81F, 0xF81F, 0xF81F, 0xF81F, 0xF81F, 0xF81F, 0xF81F, 0xF81F, 0xF81F, 0xF81F, 0xF81F,
    0xF81F, 0xF81F, 0xF81F, 0xF81F, 0xF81F, 0xF81F, 0xF81F, 0xF81F, 0xF81F, 0xF81F, 0xF81F, 0xF81F,
    0xF81F, 0xF81F, 0xF81F, 0xF81F, 0xF81F, 0xF81F, 0xF81F, 0xF81F, 0xF81F, 0xF81F, 0xF81F, 0xF81F,
    0xF81F, 0xF81F, 0xF81F, 0xF81F, 0xF81F, 0xF81F, 0xF81F, 0xF81F, 0xF81F, 0xF81F, 0xF81F, 0xF81F,
    0xF81F, 0xF81F, 0xF81F, 0xF81F, 0xF81F, 0xF81F, 0xF81F, 0xF81F, 0xF81F, 0xF81F, 0xF81F, 0xF81F,
    0xF81F, 0xF81F, 0xF81F, 0xF81F, 0xF81F, 0xF81F, 0xF81F, 0xF81F, 0xF81F, 0xF81F, 0xF81F, 0xF81F,
    0xF81F, 0xF81F, 0xF81F, 0xF81F, 0xF81F, 0xF81F, 0xF81F, 0xF81F, 0xF81F, 0xF81F, 0xF81F, 0xF81F,
    0xF81F, 0xF81F, 0xF81F, 0xF81F, 0xF81F, 0xF81F, 0xF81F, 0xF81F, 0xF81F, 0xF81F, 0xF81F, 0xF81F,
    0xF81F, 0xF81F, 0xF81F, 0xF81F, 0xF81F, 0xF81F, 0xF81F, 0xF81F, 0xF81F, 0xF81F, 0xF81F, 0xF81F,
    0xF81F, 0xF81F, 0xF81F, 0xF81F,
};
const uint16_t kIconMaze[kLauncherIconPixels] = {
    0xF81F, 0xF81F, 0xF81F, 0xF81F, 0xF81F, 0xF81F, 0xF81F, 0xF81F, 0xF81F, 0xF81F, 0xF81F, 0xF81F,
    0xF81F, 0xF81F, 0xF81F, 0xF81F, 0xF81F, 0xF81F, 0xF81F, 0xF81F, 0xF81F, 0xF81F, 0xF81F, 0xF81F,
    0xF81F, 0xF81F, 0xF81F, 0xF81F, 0xF81F, 0xF81F, 0xF81F, 0xF81F, 0xF81F, 0xF81F, 0xF81F, 0xF81F,
    0xF81F, 0xF81F, 0xF81F, 0xF81F, 0xF81F, 0xF81F, 0xF81F, 0xF81F, 0xF81F, 0xF81F, 0xF81F, 0xF81F,
    0xF81F, 0xF81F, 0xF81F, 0xF81F, 0xF81F, 0xF81F, 0xF81F, 0xF81F, 0xF81F, 0xF81F, 0xF81F, 0xF81F,
    0xF81F, 0xF81F, 0xF81F, 0xF81F, 0xF81F, 0xF81F, 0xF81F, 0xF81F, 0xF81F, 0xF81F, 0xF81F, 0xF81F,
    0xF81F, 0xF81F, 0xF81F, 0xF81F, 0xF81F, 0xF81F, 0xF81F, 0xF81F, 0xF81F, 0xF81F, 0xF81F, 0xF81F,
    0xF81F, 0xF81F, 0xF81F, 0xF81F, 0xF81F, 0xF81F, 0xF81F, 0xF81F, 0xF81F, 0xF81F, 0xF81F, 0xF81F,
    0xF81F, 0xF81F, 0xF81F, 0xF81F, 0xF81F, 0xF81F, 0xF81F, 0xF81F, 0xF81F, 0xF81F, 0xF81F, 0xF81F,
    0xF81F, 0xF81F, 0xF81F, 0xF81F, 0xF81F, 0xF81F, 0xF81F, 0xF81F, 0xF81F, 0xF81F, 0xF81F, 0xF81F,
    0xF81F, 0xF81F, 0xF81F, 0xF81F, 0xF81F, 0xF81F, 0xF81F, 0xF81F, 0xF81F, 0xF81F, 0xF81F, 0xF81F,
    0xF81F, 0xF81F, 0xF81F, 0xF81F, 0xF81F, 0xF81F, 0xF81F, 0xF81F, 0xF81F, 0xF81F, 0xF81F, 0xF81F,
    0xF81F, 0xF81F, 0xF81F, 0xF81F, 0xF81F, 0xF81F, 0xF81F, 0xF81F, 0xF81F, 0xF81F, 0xF81F, 0xF81F,
    0xF81F, 0xF81F, 0xF81F, 0xF81F, 0xF81F, 0xF81F, 0xF81F, 0xF81F, 0xF81F, 0xF81F, 0xF81F, 0xF81F,
    0xF81F, 0xF81F, 0xF81F, 0xF81F, 0xF81F, 0xF81F, 0xF81F, 0xF81F, 0xF81F, 0xF81F, 0xF81F, 0xF81F,
    0xF81F, 0xF81F, 0xF81F, 0xF81F, 0xF81F, 0xF81F, 0xF81F, 0xF81F, 0xF81F, 0xF81F, 0xF81F, 0xF81F,
    0xF81F, 0xF81F, 0xF81F, 0xF81F, 0xF81F, 0xF81F, 0xF81F, 0xF81F, 0xF81F, 0xF81F, 0xF81F, 0xF81F,
    0xF81F, 0xF81F, 0xF81F, 0xF81F, 0xF81F, 0xF81F, 0x1324, 0x1324, 0x1324, 0x1324, 0x1324, 0x1324,
    0x1324, 0x1324, 0x1324, 0x1324, 0x1324, 0x1324, 0x1324, 0x1324, 0x1324, 0x1324, 0x1324, 0x1324,
    0x1324, 0x1324, 0x1324, 0x1324, 0x1324, 0x1324, 0x1324, 0x1324, 0x1324, 0x1324, 0xF81F, 0xF81F,
    0xF81F, 0xF81F, 0xF81F, 0xF81F, 0xF81F, 0xF81F, 0xF81F, 0xF81F, 0xF81F, 0xF81F, 0xF81F, 0xF81F,
    0xF81F, 0xF81F, 0xF81F, 0xF81F, 0xF81F, 0xF81F, 0xF81F, 0xF81F, 0xF81F, 0xF81F, 0xF81F, 0xF81F,
    0xF81F, 0xF81F, 0xF81F, 0xF81F, 0x32E8, 0x1B25, 0x1B65, 0x1384, 0x1384, 0x1384, 0x1384, 0x1384,
    0x1384, 0x1384, 0x1384, 0x1384, 0x1384, 0x1384, 0x1384, 0x1384, 0x1384, 0x1384, 0x1384, 0x1384,
    0x1384, 0x1384, 0x1384, 0x1384, 0x1384, 0x1384, 0x1384, 0x1384, 0x1384, 0x1384, 0x1384, 0x1384,
    0x1384, 0x1384, 0x1384, 0x1384, 0x1B85, 0x1B64, 0x2325, 0x2B27, 0xF81F, 0xF81F, 0xF81F, 0xF81F,
    0xF81F, 0xF81F, 0xF81F, 0xF81F, 0xF81F, 0xF81F, 0xF81F, 0xF81F, 0xF81F, 0xF81F, 0xF81F, 0xF81F,
    0xF81F, 0xF81F, 0xF81F, 0xF81F, 0xF81F, 0xF81F, 0x2B07, 0x1B65, 0x1384, 0x1364, 0x1344, 0x1344,
    0x1344, 0x1344, 0x1344, 0x1344, 0x1344, 0x1344, 0x1344, 0x1344, 0x1344, 0x1344, 0x1344, 0x1344,
    0x1344, 0x1344, 0x1344, 0x1344, 0x1344, 0x1344, 0x1344, 0x1344, 0x1344, 0x1344, 0x1344, 0x1344,
    0x1344, 0x1344, 0x1344, 0x1344, 0x1344, 0x1344, 0x1344, 0x1344, 0x1344, 0x1344, 0x1364, 0x1384,
    0x1B65, 0x32E7, 0xF81F, 0xF81F, 0xF81F, 0xF81F, 0xF81F, 0xF81F, 0xF81F, 0xF81F, 0xF81F, 0xF81F,
    0xF81F, 0xF81F, 0xF81F, 0xF81F, 0xF81F, 0xF81F, 0xF81F, 0xF81F, 0xF81F, 0x1B45, 0x1384, 0x1344,
    0x1344, 0x1344, 0x1344, 0x1344, 0x1344, 0x1344, 0x1344, 0x1344, 0x1344, 0x1344, 0x1344, 0x1344,
    0x1344, 0x1344, 0x1344, 0x1344, 0x1344, 0x1344, 0x1344, 0x1344, 0x1344, 0x1344, 0x1344, 0x1344,
    0x1344, 0x1344, 0x1344, 0x1344, 0x1344, 0x1344, 0x1344, 0x1344, 0x1344, 0x1344, 0x1344, 0x1344,
    0x1344, 0x1344, 0x1344, 0x1344, 0x1344, 0x1384, 0x1B45, 0xF81F, 0xF81F, 0xF81F, 0xF81F, 0xF81F,
    0xF81F, 0xF81F, 0xF81F, 0xF81F, 0xF81F, 0xF81F, 0xF81F, 0xF81F, 0xF81F, 0xF81F, 0xF81F, 0xF81F,
    0x1B65, 0x1364, 0x1344, 0x1344, 0x1344, 0x1344, 0x1344, 0x1344, 0x1344, 0x1344, 0x1344, 0x1344,
    0x1344, 0x1344, 0x1344, 0x1344, 0x1344, 0x1344, 0x1344, 0x1344, 0x1344, 0x1344, 0x1344, 0x1344,
    0x1344, 0x1344, 0x1344, 0x1344, 0x1344, 0x1344, 0x1344, 0x1344, 0x1344, 0x1344, 0x1344, 0x1344,
    0x1344, 0x1344, 0x1344, 0x1344, 0x1344, 0x1344, 0x1344, 0x1344, 0x1344, 0x1344, 0x1364, 0x1B65,
    0xF81F, 0xF81F, 0xF81F, 0xF81F, 0xF81F, 0xF81F, 0xF81F, 0xF81F, 0xF81F, 0xF81F, 0xF81F, 0xF81F,
    0xF81F, 0xF81F, 0xF81F, 0x1B65, 0x1343, 0x1344, 0x1344, 0x1344, 0x1364, 0x1364, 0x1344, 0x1344,
    0x1344, 0x1344, 0x1344, 0x1344, 0x1344, 0x1344, 0x1344, 0x1344, 0x1344, 0x1344, 0x1344, 0x1344,
    0x1344, 0x1344, 0x1344, 0x1344, 0x1344, 0x1344, 0x1344, 0x1344, 0x1344, 0x1344, 0x1344, 0x1344,
    0x1344, 0x1344, 0x1344, 0x1344, 0x1344, 0x1344, 0x1344, 0x1344, 0x1344, 0x1344, 0x1364, 0x1364,
    0x1344, 0x1344, 0x1344, 0x1344, 0x1B65, 0xF81F, 0xF81F, 0xF81F, 0xF81F, 0xF81F, 0xF81F, 0xF81F,
    0xF81F, 0xF81F, 0xF81F, 0xF81F, 0xF81F, 0xF81F, 0x1B45, 0x1344, 0x1344, 0x1344, 0x1344, 0x1344,
    0x0B03, 0x0302, 0x0B23, 0x1344, 0x1344, 0x1344, 0x1344, 0x1344, 0x1344, 0x1344, 0x1344, 0x1344,
    0x1344, 0x1344, 0x1344, 0x1344, 0x1344, 0x1344, 0x1344, 0x1344, 0x1344, 0x1344, 0x1344, 0x1344,
    0x1343, 0x1344, 0x1344, 0x1344, 0x1344, 0x1344, 0x1344, 0x1344, 0x1344, 0x1344, 0x1344, 0x1344,
    0x1344, 0x0B43, 0x0302, 0x0B03, 0x1364, 0x1344, 0x1344, 0x1344, 0x1364, 0x1B45, 0xF81F, 0xF81F,
    0xF81F, 0xF81F, 0xF81F, 0xF81F, 0xF81F, 0xF81F, 0xF81F, 0xF81F, 0xF81F, 0x2AE6, 0x1384, 0x1344,
    0x1344, 0x1344, 0x1344, 0x0302, 0x4C4A, 0xA635, 0xCEFA, 0xD71A, 0xD71A, 0xD71A, 0xD71A, 0xD71A,
    0xD71A, 0xD71A, 0xD71A, 0xD71A, 0xD71A, 0xD71A, 0xD71A, 0xD71A, 0xD71A, 0xD71A, 0xD71A, 0xD71A,
    0xD71A, 0xD71A, 0xD71A, 0xD71A, 0xD71A, 0xD71A, 0xD71A, 0xD71A, 0xD71A, 0xD71A, 0xD71A, 0xD71A,
    0xD71A, 0xD71A, 0xD71A, 0xD71A, 0xD71A, 0xCEF9, 0xA635, 0x444A, 0x0302, 0x1344, 0x1344, 0x1344,
    0x1344, 0x1384, 0x1B06, 0xF81F, 0xF81F, 0xF81F, 0xF81F, 0xF81F, 0xF81F, 0xF81F, 0xF81F, 0xF81F,
    0xF81F, 0x1B65, 0x1343, 0x1344, 0x1344, 0x1344, 0x0B03, 0x8591, 0xFFFF, 0xFFFF, 0xFFFF, 0xFFFF,
    0xFFFF, 0xFFFF, 0xFFFF, 0xFFFF, 0xFFFF, 0xFFFF, 0xFFFF, 0xFFFF, 0xFFFF, 0xFFFF, 0xFFFF, 0xFFFF,
    0xFFFF, 0xFFFF, 0xFFFF, 0xFFFF, 0xFFFF, 0xFFFF, 0xFFFF, 0xFFFF, 0xFFFF, 0xFFFF, 0xFFFF, 0xFFFF,
    0xFFFF, 0xFFFF, 0xFFFF, 0xFFFF, 0xFFFF, 0xFFFF, 0xFFFF, 0xFFFF, 0xFFFF, 0xFFFF, 0xFFFF, 0xFFFF,
    0x8571, 0x0B02, 0x1344, 0x1344, 0x1344, 0x1344, 0x1B65, 0xF81F, 0xF81F, 0xF81F, 0xF81F, 0xF81F,
    0xF81F, 0xF81F, 0xF81F, 0xF81F, 0x2306, 0x1364, 0x1344, 0x1344, 0x1364, 0x0302, 0x6D0E, 0xFFFF,
    0xFFFF, 0xFFFF, 0xFFFF, 0xFFFF, 0xFFFF, 0xFFFF, 0xFFFF, 0xFFFF, 0xFFFF, 0xFFFF, 0xFFFF, 0xFFFF,
    0xFFFF, 0xFFFF, 0xFFFF, 0xFFFF, 0xFFFF, 0xFFFF, 0xFFFF, 0xFFFF, 0xFFFF, 0xFFFF, 0xFFFF, 0xFFFF,
    0xFFFF, 0xFFFF, 0xFFFF, 0xFFFF, 0xFFFF, 0xFFFF, 0xFFFF, 0xFFFF, 0xFFFF, 0xFFFF, 0xFFFF, 0xFFFF,
    0xFFFF, 0xFFFF, 0xFFFF, 0xFFFF, 0xFFFF, 0x64ED, 0x0302, 0x1364, 0x1344, 0x1344, 0x1384, 0x2306,
    0xF81F, 0xF81F, 0xF81F, 0xF81F, 0xF81F, 0xF81F, 0xF81F, 0xF81F, 0x1B25, 0x1344, 0x1344, 0x1344,
    0x1344, 0x1B64, 0xE77C, 0xFFFF, 0xFFFF, 0xF7BE, 0x95D2, 0x7D50, 0x7D70, 0x7D50, 0x7D70, 0x7D70,
    0x7D70, 0x7D70, 0x7D50, 0x7D70, 0x7D50, 0x7D50, 0x7D50, 0x7D70, 0x7D70, 0x7D70, 0x7D50, 0x7D50,
    0x7D70, 0x7D70, 0x7D50, 0x7D70, 0xEF9D, 0xFFFF, 0xFFFF, 0x95F3, 0x754F, 0x7D70, 0x7D70, 0x7D70,
    0x7D50, 0x7D50, 0x7D50, 0x7D70, 0x7D50, 0x95F3, 0xF7DE, 0xFFFF, 0xFFFF, 0xDF5B, 0x1364, 0x1344,
    0x1344, 0x1344, 0x1344, 0x1B45, 0xF81F, 0xF81F, 0xF81F, 0xF81F, 0xF81F, 0xF81F, 0xF81F, 0xF81F,
    0x1B65, 0x1344, 0x1344, 0x1364, 0x0B23, 0x4429, 0xFFFF, 0xFFFF, 0xFFFF, 0x5CAC, 0x02C1, 0x0302,
    0x0302, 0x0302, 0x0302, 0x0302, 0x0302, 0x0302, 0x0302, 0x0302, 0x0302, 0x02E2, 0x02E2, 0x02E2,
    0x0302, 0x0302, 0x0302, 0x0302, 0x0302, 0x0302, 0x02E2, 0x0302, 0xDF3B, 0xFFFF, 0xFFFF, 0x33E8,
    0x02C1, 0x0302, 0x0302, 0x0302, 0x0302, 0x02E2, 0x0302, 0x02E2, 0x0302, 0x02C1, 0x64ED, 0xFFFF,
    0xFFFF, 0xFFFF, 0x3C29, 0x0B23, 0x1364, 0x1344, 0x1344, 0x1384, 0xF81F, 0xF81F, 0xF81F, 0xF81F,
    0xF81F, 0xF81F, 0xF81F, 0x2B06, 0x1384, 0x1344, 0x1344, 0x1344, 0x0302, 0x4C6A, 0xFFFF, 0xFFFF,
    0xF7BE, 0x23A6, 0x1344, 0x1B64, 0x1344, 0x1364, 0x1364, 0x1364, 0x1364, 0x1364, 0x1364, 0x1364,
    0x1364, 0x1364, 0x1364, 0x1344, 0x1344, 0x1364, 0x1364, 0x1364, 0x1364, 0x1B64, 0x1364, 0x1B65,
    0xDF3B, 0xFFFF, 0xFFFF, 0x4449, 0x0B23, 0x1B64, 0x1364, 0x1364, 0x1364, 0x1364, 0x1364, 0x1364,
    0x1B64, 0x1343, 0x23C6, 0xF7DE, 0xFFFF, 0xFFFF, 0x4C4A, 0x0B03, 0x1364, 0x1344, 0x1344, 0x1384,
    0x2AC7, 0xF81F, 0xF81F, 0xF81F, 0xF81F, 0xF81F, 0xF81F, 0x2AE7, 0x1384, 0x1344, 0x1344, 0x1344,
    0x0302, 0x4C6A, 0xFFFF, 0xFFFF, 0xF7BE, 0x2BC6, 0x0B23, 0x1344, 0x1344, 0x1344, 0x1344, 0x1344,
    0x1344, 0x1344, 0x1344, 0x1344, 0x1344, 0x1344, 0x1344, 0x1344, 0x1344, 0x1344, 0x1344, 0x1344,
    0x1344, 0x1344, 0x1344, 0x1344, 0xDF3B, 0xFFFF, 0xFFFF, 0x4429, 0x0B03, 0x1344, 0x1344, 0x1344,
    0x1344, 0x1344, 0x1344, 0x1344, 0x1344, 0x0B23, 0x2BC7, 0xF7DE, 0xFFFF, 0xFFFF, 0x4C4A, 0x0B03,
    0x1364, 0x1344, 0x1344, 0x1384, 0x32C8, 0xF81F, 0xF81F, 0xF81F, 0xF81F, 0xF81F, 0xF81F, 0x1B25,
    0x1384, 0x1344, 0x1344, 0x1344, 0x0302, 0x4C6B, 0xFFFF, 0xFFFF, 0xF7BE, 0x2BC6, 0x0B23, 0x1344,
    0x1344, 0x1344, 0x1344, 0x1344, 0x1344, 0x1344, 0x1344, 0x1344, 0x1344, 0x1344, 0x1344, 0x1344,
    0x1344, 0x1344, 0x1344, 0x1344, 0x1344, 0x1344, 0x1344, 0x1344, 0xDF3B, 0xFFFF, 0xFFFF, 0x4429,
    0x0B03, 0x1364, 0x1344, 0x1344, 0x1344, 0x1344, 0x1344, 0x1344, 0x1344, 0x0B23, 0x2BC7, 0xF7DE,
    0xFFFF, 0xFFFF, 0x4C4A, 0x0B03, 0x1364, 0x1344, 0x1344, 0x1384, 0x2306, 0xF81F, 0xF81F, 0xF81F,
    0xF81F, 0xF81F, 0xF81F, 0x2325, 0x1384, 0x1344, 0x1344, 0x1344, 0x0302, 0x4C6A, 0xFFFF, 0xFFFF,
    0xF7BE, 0x2BC6, 0x0B23, 0x1344, 0x1344, 0x1344, 0x1344, 0x1344, 0x1344, 0x1344, 0x1344, 0x1344,
    0x1344, 0x1344, 0x1344, 0x1344, 0x1344, 0x1344, 0x1344, 0x1344, 0x1344, 0x1344, 0x1344, 0x1364,
    0xDF3B, 0xFFFF, 0xFFFF, 0x4429, 0x0B03, 0x1364, 0x1344, 0x1344, 0x1344, 0x1344, 0x1344, 0x1344,
    0x1344, 0x0B23, 0x2BC7, 0xF7DE, 0xFFFF, 0xFFFF, 0x4C4A, 0x0B03, 0x1344, 0x1344, 0x1344, 0x1384,
    0x2AE6, 0xF81F, 0xF81F, 0xF81F, 0xF81F, 0xF81F, 0xF81F, 0x1B25, 0x1384, 0x1344, 0x1344, 0x1344,
    0x0302, 0x4C6B, 0xFFFF, 0xFFFF, 0xF7BE, 0x2BA6, 0x0B23, 0x1344, 0x1344, 0x1344, 0x0B23, 0x0B03,
    0x1344, 0x1344, 0x1344, 0x1344, 0x1344, 0x1344, 0x1344, 0x1344, 0x1344, 0x1344, 0x0B03, 0x1344,
    0x1344, 0x1344, 0x1344, 0x1364, 0xDF3B, 0xFFFF, 0xFFFF, 0x4429, 0x0B03, 0x1344, 0x1344, 0x0B03,
    0x0B23, 0x1344, 0x1344, 0x1344, 0x1344, 0x0B23, 0x2BC7, 0xF7DE, 0xFFFF, 0xFFFF, 0x4C4A, 0x0B02,
    0x1344, 0x1344, 0x1344, 0x1384, 0x2AE6, 0xF81F, 0xF81F, 0xF81F, 0xF81F, 0xF81F, 0xF81F, 0x1B25,
    0x1384, 0x1344, 0x1344, 0x1344, 0x0302, 0x4C6A, 0xFFFF, 0xFFFF, 0xF7BE, 0x2BC6, 0x0B23, 0x1344,
    0x1344, 0x0B23, 0x2BC6, 0xBE97, 0xD71A, 0xD71A, 0xD71A, 0xD71A, 0xD71A, 0xD71A, 0xD71A, 0xD71A,
    0xD71A, 0xD73A, 0x9E14, 0x1344, 0x1344, 0x1344, 0x1344, 0x1344, 0xDF3B, 0xFFFF, 0xFFFF, 0x4429,
    0x0B02, 0x1364, 0x0B23, 0x5CAC, 0xCF1A, 0xD71A, 0xD71A, 0xD71A, 0xD71A, 0xD71A, 0xD73B, 0xFFFF,
    0xFFFF, 0xFFFF, 0x4C6A, 0x0B03, 0x1344, 0x1344, 0x1344, 0x1384, 0x2AE6, 0xF81F, 0xF81F, 0xF81F,
    0xF81F, 0xF81F, 0xF81F, 0x1B25, 0x1384, 0x1344, 0x1344, 0x1344, 0x0302, 0x4C6A, 0xFFFF, 0xFFFF,
    0xF7BE, 0x2BC6, 0x0B23, 0x1344, 0x1364, 0x02E2, 0x8DB2, 0xFFFF, 0xFFFF, 0xFFFF, 0xFFFF, 0xFFFF,
    0xFFFF, 0xFFFF, 0xFFFF, 0xFFFF, 0xFFFF, 0xFFFF, 0xFFFF, 0x548B, 0x0302, 0x1364, 0x1344, 0x1344,
    0xE77C, 0xFFFF, 0xFFFF, 0x4449, 0x0B02, 0x1364, 0x1344, 0xDF3B, 0xFFFF, 0xFFFF, 0xFFFF, 0xFFFF,
    0xFFFF, 0xFFFF, 0xFFFF, 0xFFFF, 0xFFFF, 0xFFFF, 0x444A, 0x0B03, 0x1364, 0x1344, 0x1344, 0x1384,
    0x2B06, 0xF81F, 0xF81F, 0xF81F, 0xF81F, 0xF81F, 0xF81F, 0x1B25, 0x1384, 0x1344, 0x1344, 0x1344,
    0x0302, 0x4C6A, 0xFFFF, 0xFFFF, 0xF7BE, 0x2BC6, 0x0B23, 0x1344, 0x1364, 0x0302, 0x95D2, 0xFFFF,
    0xFFDE, 0xFFFF, 0xFFFF, 0xFFFF, 0xFFFF, 0xFFFF, 0xFFFF, 0xFFFF, 0xFFFF, 0xFFFF, 0xDF5C, 0x2BC7,
    0x0B23, 0x1344, 0x1344, 0x0B23, 0x9E14, 0xFFFF, 0xD71A, 0x1B85, 0x1344, 0x1344, 0x1364, 0xDF3B,
    0xFFFF, 0xFFDF, 0xFFFF, 0xFFFF, 0xFFFF, 0xFFFF, 0xFFFF, 0xFFFF, 0xFFFF, 0xFFFF, 0x444A, 0x0B03,
    0x1364, 0x1344, 0x1344, 0x1364, 0x2AE6, 0xF81F, 0xF81F, 0xF81F, 0xF81F, 0xF81F, 0xF81F, 0x2325,
    0x1384, 0x1344, 0x1344, 0x1344, 0x0302, 0x4C6A, 0xFFFF, 0xFFFF, 0xF7BE, 0x2BC6, 0x0B23, 0x1344,
    0x1364, 0x02E2, 0x8DB2, 0xFFFF, 0xFFFF, 0xAE56, 0x3C29, 0x4C6B, 0x4C6A, 0x4C6A, 0x4C6A, 0x4C6A,
    0x4C6A, 0x4C6A, 0x23A6, 0x0B23, 0x1344, 0x1344, 0x1344, 0x1343, 0x1344, 0x4449, 0x23A5, 0x0B43,
    0x1344, 0x1344, 0x1364, 0xDF3B, 0xFFFF, 0xFFFF, 0x754F, 0x4429, 0x4C6B, 0x444A, 0x5CCD, 0xF7DE,
    0xFFFF, 0xFFFF, 0x444A, 0x0B02, 0x1344, 0x1344, 0x1344, 0x1364, 0x22E6, 0xF81F, 0xF81F, 0xF81F,
    0xF81F, 0xF81F, 0xF81F, 0x2325, 0x1384, 0x1344, 0x1344, 0x1344, 0x0302, 0x4C6B, 0xFFFF, 0xFFFF,
    0xF7BE, 0x2BC6, 0x0B23, 0x1344, 0x1364, 0x02E2, 0x8DD2, 0xFFFF, 0xFFFF, 0x8DD2, 0x02C0, 0x0B23,
    0x0302, 0x0B02, 0x0302, 0x0302, 0x0302, 0x0302, 0x0B23, 0x1344, 0x1344, 0x1344, 0x1344, 0x1344,
    0x1344, 0x0B23, 0x1343, 0x1344, 0x1344, 0x1344, 0x1364, 0xDF3B, 0xFFFF, 0xFFFF, 0x4429, 0x02C1,
    0x0B23, 0x02E2, 0x23A6, 0xF7DE, 0xFFFF, 0xFFFF, 0x444A, 0x0302, 0x1344, 0x1344, 0x1344, 0x1364,
    0x22E6, 0xF81F, 0xF81F, 0xF81F, 0xF81F, 0xF81F, 0xF81F, 0x1B25, 0x1384, 0x1344, 0x1344, 0x1344,
    0x0302, 0x4C6B, 0xFFFF, 0xFFFF, 0xF7BE, 0x2BA6, 0x0B23, 0x1344, 0x1364, 0x02E2, 0x8DD2, 0xFFFF,
    0xFFFF, 0x95F3, 0x0302, 0x1B65, 0x1344, 0x1344, 0x1344, 0x1344, 0x1344, 0x1344, 0x1344, 0x1344,
    0x1344, 0x1344, 0x1344, 0x1344, 0x1344, 0x1344, 0x1344, 0x1344, 0x1344, 0x1344, 0x1364, 0xDF3B,
    0xFFFF, 0xFFFF, 0x4C6B, 0x0B23, 0x1B65, 0x0B23, 0x2BC7, 0xF7DE, 0xFFFF, 0xFFFF, 0x444A, 0x0302,
    0x1344, 0x1344, 0x1344, 0x1384, 0x2AE6, 0xF81F, 0xF81F, 0xF81F, 0xF81F, 0xF81F, 0xF81F, 0x1B25,
    0x1384, 0x1344, 0x1344, 0x1344, 0x0302, 0x4C6B, 0xFFFF, 0xFFFF, 0xF7BE, 0x2BA6, 0x0B23, 0x1344,
    0x1364, 0x02E2, 0x95D2, 0xFFFF, 0xFFFF, 0x95D3, 0x0302, 0x1364, 0x1344, 0x1344, 0x1344, 0x1344,
    0x1344, 0x1344, 0x1364, 0x1344, 0x1344, 0x1344, 0x1344, 0x1364, 0x1364, 0x1344, 0x1344, 0x1344,
    0x1344, 0x1364, 0x1344, 0xD73B, 0xFFFF, 0xFFFF, 0x4C6A, 0x0302, 0x1344, 0x0B23, 0x2BC7, 0xF7DE,
    0xFFFF, 0xFFFF, 0x444A, 0x0B02, 0x1344, 0x1344, 0x1344, 0x1364, 0x22E6, 0xF81F, 0xF81F, 0xF81F,
    0xF81F, 0xF81F, 0xF81F, 0x1B25, 0x1384, 0x1344, 0x1344, 0x1344, 0x0302, 0x4C6B, 0xFFFF, 0xFFFF,
    0xF7BE, 0x2BA6, 0x0B23, 0x1344, 0x1344, 0x02E2, 0x95D2, 0xFFFF, 0xFFFF, 0x95D3, 0x0302, 0x1364,
    0x1344, 0x1344, 0x1344, 0x1344, 0x1344, 0x0302, 0x02E2, 0x02E2, 0x02E2, 0x02E2, 0x02E2, 0x02E2,
    0x02E2, 0x02E2, 0x02E2, 0x02E2, 0x02E2, 0x02E1, 0x1364, 0xE77C, 0xFFFF, 0xFFFF, 0x4C6A, 0x0302,
    0x1344, 0x0B23, 0x2BC7, 0xF7DE, 0xFFFF, 0xFFFF, 0x444A, 0x0302, 0x1344, 0x1344, 0x1344, 0x1364,
    0x2AE6, 0xF81F, 0xF81F, 0xF81F, 0xF81F, 0xF81F, 0xF81F, 0x1B25, 0x1384, 0x1344, 0x1344, 0x1344,
    0x0302, 0x4C6B, 0xFFFF, 0xFFFF, 0xF7BE, 0x2BA6, 0x0B23, 0x1344, 0x1344, 0x02E2, 0x8DD2, 0xFFFF,
    0xFFFF, 0x95D3, 0x0302, 0x1364, 0x1344, 0x1344, 0x1344, 0x1344, 0x0B23, 0x5CAC, 0x95F3, 0x9DF4,
    0x9DF4, 0x9DF4, 0x9DF4, 0x9DF4, 0x9DF4, 0x9DF4, 0x9DF4, 0x9DF4, 0x9DF4, 0x95D3, 0xC6D8, 0xFFFF,
    0xFFFF, 0xFFFF, 0x4C6A, 0x0302, 0x1344, 0x0B23, 0x2BC7, 0xF7DE, 0xFFFF, 0xFFFF, 0x4C4A, 0x0B02,
    0x1344, 0x1344, 0x1344, 0x1364, 0x22E6, 0xF81F, 0xF81F, 0xF81F, 0xF81F, 0xF81F, 0xF81F, 0x1B25,
    0x1384, 0x1344, 0x1344, 0x1344, 0x0302, 0x4C6A, 0xFFFF, 0xFFFF, 0xF7BE, 0x2BA6, 0x0B23, 0x1344,
    0x1344, 0x02E2, 0x8DD2, 0xFFFF, 0xFFFF, 0x95F3, 0x0302, 0x1364, 0x1344, 0x1344, 0x1344, 0x0B23,
    0x9DF4, 0xFFFF, 0xFFFF, 0xFFFF, 0xFFFF, 0xFFFF, 0xFFFF, 0xFFFF, 0xFFFF, 0xFFFF, 0xFFFF, 0xFFFF,
    0xFFFF, 0xFFFF, 0xFFFF, 0xFFDF, 0xFFDF, 0xFFFF, 0x4C8B, 0x0302, 0x1344, 0x0B23, 0x2BC7, 0xF7DE,
    0xFFFF, 0xFFFF, 0x4C4A, 0x0B03, 0x1344, 0x1344, 0x1344, 0x1364, 0x22E6, 0xF81F, 0xF81F, 0xF81F,
    0xF81F, 0xF81F, 0xF81F, 0x1B25, 0x1384, 0x1344, 0x1344, 0x1344, 0x0302, 0x4C6A, 0xFFFF, 0xFFFF,
    0xF7BE, 0x2BA6, 0x0B23, 0x1344, 0x1344, 0x02E2, 0x8DD2, 0xFFFF, 0xFFFF, 0x95D3, 0x0302, 0x1364,
    0x1344, 0x1344, 0x0B03, 0x444A, 0xFFFF, 0xFFDF, 0xFFDF, 0xFFDF, 0xFFFF, 0xFFFF, 0xFFFF, 0xFFFF,
    0xFFFF, 0xFFFF, 0xFFFF, 0xFFFF, 0xFFFF, 0xFFFF, 0xFFFF, 0xFFFF, 0xFFFF, 0xFFFF, 0x4429, 0x0B03,
    0x1344, 0x0B23, 0x2BC7, 0xF7DE, 0xFFFF, 0xFFFF, 0x4C4A, 0x0B02, 0x1344, 0x1344, 0x1344, 0x1384,
    0x22E6, 0xF81F, 0xF81F, 0xF81F, 0xF81F, 0xF81F, 0xF81F, 0x1B25, 0x1384, 0x1344, 0x1344, 0x1344,
    0x0302, 0x4C6A, 0xFFFF, 0xFFFF, 0xF7BE, 0x2BC6, 0x0B23, 0x1344, 0x1364, 0x02E2, 0x8DD2, 0xFFFF,
    0xFFFF, 0x95D3, 0x02E2, 0x1364, 0x1344, 0x1364, 0x02E2, 0x6D0E, 0xFFFF, 0xFFDF, 0xFFFF, 0xFFFF,
    0xD71A, 0xCF1A, 0xCEFA, 0xCEFA, 0xCF1A, 0xCF1A, 0xCEFA, 0xCEFA, 0xCEFA, 0xCF1A, 0xCEFA, 0xCEF9,
    0xCF1A, 0x8591, 0x0B23, 0x1344, 0x1344, 0x0B23, 0x2BC7, 0xF7DE, 0xFFFF, 0xFFFF, 0x4C4A, 0x0B02,
    0x1344, 0x1344, 0x1344, 0x1384, 0x2AE6, 0xF81F, 0xF81F, 0xF81F, 0xF81F, 0xF81F, 0xF81F, 0x1B25,
    0x1384, 0x1344, 0x1344, 0x1344, 0x0302, 0x4C6B, 0xFFFF, 0xFFFF, 0xF7BE, 0x2BA6, 0x0B23, 0x1344,
    0x1364, 0x02E2, 0x95D3, 0xFFFF, 0xFFFF, 0x95F3, 0x02E2, 0x1344, 0x1344, 0x1364, 0x0302, 0x6D0E,
    0xFFFF, 0xF7DE, 0xFFFF, 0x7D50, 0x0302, 0x1344, 0x1343, 0x0B23, 0x0B23, 0x0B43, 0x0B23, 0x0B23,
    0x0B23, 0x0B43, 0x0B23, 0x0B43, 0x0B23, 0x0302, 0x1344, 0x1344, 0x1344, 0x0B23, 0x2BC7, 0xF7DE,
    0xFFFF, 0xFFFF, 0x444A, 0x0B02, 0x1344, 0x1344, 0x1344, 0x1384, 0x2AE6, 0xF81F, 0xF81F, 0xF81F,
    0xF81F, 0xF81F, 0xF81F, 0x1B25, 0x1384, 0x1344, 0x1344, 0x1344, 0x0302, 0x4C6A, 0xFFFF, 0xFFFF,
    0xF7BE, 0x2BA6, 0x0B23, 0x1344, 0x1364, 0x02E2, 0x7D70, 0xFFFF, 0xFFFF, 0x8591, 0x02E2, 0x1364,
    0x1344, 0x1364, 0x02E2, 0x6D0E, 0xFFFF, 0xFFDF, 0xFFFF, 0x4429, 0x0B02, 0x1364, 0x1344, 0x1344,
    0x1344, 0x1344, 0x1344, 0x1344, 0x1344, 0x1344, 0x1344, 0x1344, 0x1344, 0x1364, 0x1344, 0x1344,
    0x1344, 0x0B23, 0x2BC7, 0xF7DE, 0xFFFF, 0xFFFF, 0x444A, 0x0B02, 0x1344, 0x1344, 0x1344, 0x1364,
    0x2AE6, 0xF81F, 0xF81F, 0xF81F, 0xF81F, 0xF81F, 0xF81F, 0x1B25, 0x1384, 0x1344, 0x1344, 0x1344,
    0x0302, 0x4C6A, 0xFFFF, 0xFFFF, 0xF7BE, 0x2BC6, 0x0B23, 0x1344, 0x1344, 0x1344, 0x1B85, 0x9E14,
    0x9E14, 0x1B85, 0x1343, 0x1344, 0x1344, 0x1364, 0x02E2, 0x6D0E, 0xFFFF, 0xFFDF, 0xFFFF, 0x4C6A,
    0x0B02, 0x1344, 0x1344, 0x1344, 0x1344, 0x1344, 0x1344, 0x1344, 0x1344, 0x1344, 0x1344, 0x1344,
    0x1344, 0x1344, 0x1344, 0x1344, 0x1344, 0x0B23, 0x2BC7, 0xF7DE, 0xFFFF, 0xFFFF, 0x444A, 0x0B02,
    0x1364, 0x1344, 0x1344, 0x1364, 0x2AE6, 0xF81F, 0xF81F, 0xF81F, 0xF81F, 0xF81F, 0xF81F, 0x1B25,
    0x1384, 0x1344, 0x1344, 0x1344, 0x0302, 0x4C6A, 0xFFFF, 0xFFFF, 0xF7BE, 0x2BA6, 0x0B23, 0x1344,
    0x1344, 0x1344, 0x1343, 0x0302, 0x0302, 0x1344, 0x1344, 0x1344, 0x1344, 0x1364, 0x02E2, 0x6D0E,
    0xFFFF, 0xFFDF, 0xFFFF, 0x4C4A, 0x0302, 0x1344, 0x1344, 0x1344, 0x1344, 0x1344, 0x1344, 0x1344,
    0x1344, 0x1344, 0x1344, 0x1344, 0x1344, 0x1344, 0x1344, 0x1344, 0x1344, 0x0B23, 0x2BC7, 0xF7DE,
    0xFFFF, 0xFFFF, 0x444A, 0x0B02, 0x1364, 0x1344, 0x1344, 0x1364, 0x2AE6, 0xF81F, 0xF81F, 0xF81F,
    0xF81F, 0xF81F, 0xF81F, 0x1B25, 0x1384, 0x1344, 0x1344, 0x1344, 0x0302, 0x4C6A, 0xFFFF, 0xFFFF,
    0xF7BE, 0x2BA6, 0x0B23, 0x1344, 0x1344, 0x1344, 0x1344, 0x1364, 0x1364, 0x1344, 0x1344, 0x1344,
    0x1344, 0x1344, 0x02E2, 0x6D0E, 0xFFFF, 0xFFDF, 0xFFFF, 0x4C4A, 0x0302, 0x1344, 0x1344, 0x1344,
    0x0B23, 0x0B23, 0x0B23, 0x0B23, 0x0B23, 0x0B23, 0x0B23, 0x0B23, 0x1343, 0x1344, 0x1344, 0x1344,
    0x1344, 0x0B23, 0x2BC7, 0xF7DE, 0xFFFF, 0xFFFF, 0x444A, 0x0B02, 0x1364, 0x1344, 0x1344, 0x1364,
    0x2AE6, 0xF81F, 0xF81F, 0xF81F, 0xF81F, 0xF81F, 0xF81F, 0x1B25, 0x1384, 0x1344, 0x1344, 0x1344,
    0x0302, 0x4C6A, 0xFFFF, 0xFFFF, 0xF7BE, 0x2BA6, 0x0B23, 0x1344, 0x1344, 0x1344, 0x1344, 0x1344,
    0x1344, 0x1344, 0x1344, 0x1344, 0x1344, 0x1344, 0x02E2, 0x6D0E, 0xFFFF, 0xFFDF, 0xFFFF, 0x4C4A,
    0x0B02, 0x1344, 0x1344, 0x0B23, 0x2386, 0x2BC7, 0x2BC7, 0x2BC7, 0x2BC7, 0x2BC7, 0x2BC7, 0x2BC7,
    0x1B65, 0x0B23, 0x1344, 0x1344, 0x1344, 0x0B23, 0x2BC7, 0xF7DE, 0xFFFF, 0xFFFF, 0x444A, 0x0B02,
    0x1344, 0x1344, 0x1344, 0x1364, 0x2AE6, 0xF81F, 0xF81F, 0xF81F, 0xF81F, 0xF81F, 0xF81F, 0x1B25,
    0x1384, 0x1344, 0x1344, 0x1344, 0x0302, 0x4C6A, 0xFFFF, 0xFFFF, 0xF7BE, 0x2BC6, 0x0B23, 0x1344,
    0x1344, 0x1344, 0x1344, 0x1344, 0x1344, 0x1344, 0x1344, 0x1344, 0x1344, 0x1364, 0x0302, 0x6D0E,
    0xFFFF, 0xFFDF, 0xFFFF, 0x4C4A, 0x0B02, 0x1B64, 0x0B03, 0x5CCC, 0xEF9D, 0xF7BE, 0xF7BE, 0xF7BE,
    0xF7BE, 0xF7BE, 0xF7BE, 0xF7DE, 0xDF5B, 0x33E8, 0x0B23, 0x1344, 0x1344, 0x0B23, 0x2BC7, 0xF7DE,
    0xFFFF, 0xFFFF, 0x444A, 0x0B02, 0x1344, 0x1344, 0x1344, 0x1364, 0x2AE6, 0xF81F, 0xF81F, 0xF81F,
    0xF81F, 0xF81F, 0xF81F, 0x1B25, 0x1384, 0x1344, 0x1344, 0x1344, 0x0302, 0x4C6A, 0xFFFF, 0xFFFF,
    0xF7BE, 0x2386, 0x0302, 0x0B23, 0x0B23, 0x0B23, 0x0B23, 0x0B23, 0x0B23, 0x0B23, 0x0B23, 0x0B23,
    0x0B23, 0x1323, 0x02C1, 0x64EE, 0xFFFF, 0xFFDF, 0xFFFF, 0x4C4A, 0x0B02, 0x1B64, 0x02E2, 0xBE97,
    0xFFFF, 0xFFFF, 0xFFFF, 0xFFFF, 0xFFFF, 0xFFFF, 0xFFFF, 0xFFFF, 0xFFFF, 0x8570, 0x02E2, 0x1344,
    0x1344, 0x0B23, 0x2BC7, 0xF7DE, 0xFFFF, 0xFFFF, 0x444A, 0x0B02, 0x1344, 0x1344, 0x1344, 0x1364,
    0x2AE6, 0xF81F, 0xF81F, 0xF81F, 0xF81F, 0xF81F, 0xF81F, 0x1B25, 0x1384, 0x1344, 0x1344, 0x1344,
    0x0302, 0x4C6A, 0xFFFF, 0xFFFF, 0xF7BE, 0x4429, 0x23A6, 0x2BC7, 0x2BC7, 0x2BC7, 0x2BC7, 0x2BC7,
    0x2BC7, 0x2BC7, 0x2BC7, 0x2BC7, 0x2BC7, 0x2BC7, 0x2BA6, 0xBE97, 0xFFFF, 0xFFDF, 0xFFFF, 0x4C4A,
    0x0302, 0x1364, 0x0B03, 0x548B, 0xE77C, 0xEFBD, 0xEFBD, 0xEFBD, 0xEFBD, 0xEF9D, 0xF7DE, 0xFFDF,
    0xFFFF, 0x7D70, 0x02E2, 0x1344, 0x1344, 0x0B23, 0x2BC7, 0xF7DE, 0xFFFF, 0xFFFF, 0x444A, 0x0B03,
    0x1344, 0x1344, 0x1344, 0x1364, 0x22E6, 0xF81F, 0xF81F, 0xF81F, 0xF81F, 0xF81F, 0xF81F, 0x1B25,
    0x1384, 0x1344, 0x1344, 0x1344, 0x0302, 0x4C6A, 0xFFFF, 0xFFFF, 0xFFFF, 0xF7DE, 0xF7DE, 0xF7DE,
    0xF7DE, 0xF7DE, 0xF7DE, 0xF7DE, 0xF7DE, 0xF7DE, 0xF7DE, 0xF7DE, 0xF7DE, 0xF7BE, 0xFFDF, 0xFFFF,
    0xFFFF, 0xFFFF, 0xFFFF, 0x4449, 0x0B02, 0x1344, 0x1344, 0x0B23, 0x1B65, 0x23A6, 0x23A6, 0x23A6,
    0x2BA6, 0x1364, 0xA635, 0xFFFF, 0xFFFF, 0x7D70, 0x02E2, 0x1344, 0x1344, 0x0B23, 0x2BC7, 0xF7DE,
    0xFFFF, 0xFFFF, 0x444A, 0x0B03, 0x1344, 0x1344, 0x1344, 0x1364, 0x2AE6, 0xF81F, 0xF81F, 0xF81F,
    0xF81F, 0xF81F, 0xF81F, 0x1B25, 0x1384, 0x1344, 0x1344, 0x1344, 0x0302, 0x4C6A, 0xFFFF, 0xFFFF,
    0xFFFF, 0xFFFF, 0xFFFF, 0xFFFF, 0xFFFF, 0xFFFF, 0xFFFF, 0xFFFF, 0xFFFF, 0xFFFF, 0xFFFF, 0xFFFF,
    0xFFFF, 0xFFFF, 0xFFFF, 0xFFDF, 0xFFDF, 0xFFFF, 0xEF9D, 0x1B85, 0x1343, 0x1344, 0x1344, 0x1344,
    0x1344, 0x0B23, 0x0B23, 0x0B23, 0x1344, 0x02E1, 0x9E14, 0xFFFF, 0xFFFF, 0x7D70, 0x02E2, 0x1364,
    0x1344, 0x0B23, 0x2BC7, 0xF7DE, 0xFFFF, 0xFFFF, 0x444A, 0x0B03, 0x1344, 0x1344, 0x1344, 0x1364,
    0x22E6, 0xF81F, 0xF81F, 0xF81F, 0xF81F, 0xF81F, 0xF81F, 0x1B25, 0x1384, 0x1344, 0x1344, 0x1364,
    0x0302, 0x4C6A, 0xFFFF, 0xFFFF, 0xFFFF, 0xFFFF, 0xFFFF, 0xFFFF, 0xFFFF, 0xFFFF, 0xFFFF, 0xFFFF,
    0xFFFF, 0xFFFF, 0xFFFF, 0xFFFF, 0xFFFF, 0xFFFF, 0xFFFF, 0xFFFF, 0xFFFF, 0xFFFF, 0x64EE, 0x0302,
    0x1344, 0x1344, 0x1344, 0x1344, 0x1344, 0x1344, 0x1344, 0x1344, 0x1364, 0x0302, 0xA614, 0xFFFF,
    0xFFFF, 0x7D70, 0x02E2, 0x1344, 0x1344, 0x0B23, 0x2BC7, 0xF7DE, 0xFFFF, 0xFFFF, 0x444A, 0x0B02,
    0x1344, 0x1344, 0x1344, 0x1364, 0x2AE6, 0xF81F, 0xF81F, 0xF81F, 0xF81F, 0xF81F, 0xF81F, 0x1B25,
    0x1384, 0x1344, 0x1344, 0x1344, 0x0302, 0x4C6A, 0xFFFF, 0xFFFF, 0xFFFF, 0xFFFF, 0xFF37, 0xFDA9,
    0xF546, 0xFD89, 0xFF37, 0xFFFF, 0xFFFF, 0xFFFF, 0xE77C, 0xBEB8, 0xC6D8, 0xC6B8, 0xBEB8, 0xC6D8,
    0xAE55, 0x4C6B, 0x0B03, 0x1344, 0x1344, 0x1344, 0x1344, 0x1344, 0x1344, 0x1344, 0x1344, 0x1344,
    0x1364, 0x0302, 0x9E14, 0xFFFF, 0xFFFF, 0x7D70, 0x02E2, 0x1344, 0x1344, 0x0B23, 0x2BC7, 0xF7DE,
    0xFFFF, 0xFFFF, 0x444A, 0x0B03, 0x1364, 0x1344, 0x1344, 0x1364, 0x22E6, 0xF81F, 0xF81F, 0xF81F,
    0xF81F, 0xF81F, 0xF81F, 0x1B25, 0x1384, 0x1344, 0x1344, 0x1344, 0x0302, 0x4C6A, 0xFFFF, 0xFFDF,
    0xFFFF, 0xFF17, 0xF4A0, 0xF480, 0xF4A0, 0xF480, 0xF4A0, 0xFF16, 0xFFFF, 0xEF9D, 0x33E7, 0x0302,
    0x0B23, 0x0B23, 0x0B23, 0x0B23, 0x0302, 0x0B03, 0x1344, 0x1344, 0x1344, 0x1344, 0x1344, 0x1344,
    0x1344, 0x1344, 0x1344, 0x1344, 0x1344, 0x0302, 0x9E14, 0xFFFF, 0xFFFF, 0x7D70, 0x02E2, 0x1344,
    0x1344, 0x0B23, 0x2BC7, 0xF7DE, 0xFFFF, 0xFFFF, 0x444A, 0x0B02, 0x1344, 0x1344, 0x1344, 0x1384,
    0x2AE6, 0xF81F, 0xF81F, 0xF81F, 0xF81F, 0xF81F, 0xF81F, 0x1B25, 0x1384, 0x1344, 0x1344, 0x1344,
    0x0302, 0x4C6A, 0xFFFF, 0xFFFF, 0xFFFF, 0xF567, 0xF480, 0xF4C1, 0xF4C0, 0xF4C1, 0xF4A0, 0xF566,
    0xFFFF, 0xDF3B, 0x1344, 0x1344, 0x1344, 0x1344, 0x1344, 0x1344, 0x1364, 0x1344, 0x1344, 0x1344,
    0x1344, 0x1344, 0x1344, 0x1344, 0x1344, 0x1344, 0x1344, 0x1344, 0x1364, 0x0302, 0x9E14, 0xFFFF,
    0xFFFF, 0x7D70, 0x02E2, 0x1344, 0x1344, 0x0B23, 0x2BC7, 0xF7DE, 0xFFFF, 0xFFFF, 0x444A, 0x0B02,
    0x1344, 0x1344, 0x1344, 0x1384, 0x22E6, 0xF81F, 0xF81F, 0xF81F, 0xF81F, 0xF81F, 0xF81F, 0x2AE7,
    0x1384, 0x1344, 0x1344, 0x1344, 0x0302, 0x4C6B, 0xFFFF, 0xFFFF, 0xFFDE, 0xFD03, 0xF4A0, 0xF4C0,
    0xF4C0, 0xF4C0, 0xF4A0, 0xF4E3, 0xFFFF, 0xDF5C, 0x1B64, 0x1344, 0x1344, 0x1344, 0x1344, 0x1344,
    0x1344, 0x1344, 0x1344, 0x1344, 0x1344, 0x1344, 0x1344, 0x1344, 0x1344, 0x1344, 0x1344, 0x1344,
    0x1364, 0x0302, 0xA614, 0xFFFF, 0xFFFF, 0x7D70, 0x02E2, 0x1364, 0x1344, 0x0B23, 0x2BC7, 0xF7DE,
    0xFFFF, 0xFFFF, 0x444A, 0x0B02, 0x1344, 0x1344, 0x1344, 0x1384, 0x32C7, 0xF81F, 0xF81F, 0xF81F,
    0xF81F, 0xF81F, 0xF81F, 0x32C8, 0x1384, 0x1344, 0x1344, 0x1344, 0x0B03, 0x4C6B, 0xFFFF, 0xFFFF,
    0xF7DF, 0xED04, 0xFCA0, 0xF4C0, 0xF4C0, 0xF4C0, 0xF4A0, 0xF525, 0xFFFF, 0xDF5B, 0x1B64, 0x1344,
    0x1364, 0x1364, 0x1364, 0x1344, 0x1364, 0x1364, 0x1364, 0x1364, 0x1364, 0x1364, 0x1364, 0x1344,
    0x1344, 0x1344, 0x1364, 0x1364, 0x1B65, 0x0302, 0xA634, 0xFFFF, 0xFFFF, 0x8571, 0x0302, 0x1B65,
    0x1364, 0x1343, 0x2BC6, 0xF7DE, 0xFFFF, 0xFFFF, 0x4C4A, 0x0B02, 0x1344, 0x1344, 0x1344, 0x1384,
    0x2AC7, 0xF81F, 0xF81F, 0xF81F, 0xF81F, 0xF81F, 0xF81F, 0xF81F, 0x1B85, 0x1344, 0x1344, 0x1344,
    0x0B23, 0x3C08, 0xFFFF, 0xFFFF, 0xFFFF, 0xCDCD, 0xF460, 0xF4C0, 0xF4C0, 0xF4A0, 0xF460, 0xFEB3,
    0xFFFF, 0xE75C, 0x0B23, 0x02E2, 0x0302, 0x0302, 0x0302, 0x0302, 0x0302, 0x0302, 0x0302, 0x0302,
    0x0302, 0x0302, 0x0302, 0x0302, 0x0302, 0x0302, 0x0302, 0x0302, 0x0B03, 0x02A0, 0x9DF4, 0xFFFF,
    0xFFFF, 0x7D4F, 0x02A0, 0x0B03, 0x0B03, 0x02C1, 0x548B, 0xFFFF, 0xFFFF, 0xFFFF, 0x3C09, 0x0B23,
    0x1364, 0x1344, 0x1344, 0x1385, 0xF81F, 0xF81F, 0xF81F, 0xF81F, 0xF81F, 0xF81F, 0xF81F, 0xF81F,
    0x1B45, 0x1344, 0x1344, 0x1344, 0x1344, 0x1344, 0xD73B, 0xFFFF, 0xFFFF, 0xF7DE, 0xEE2F, 0xFD03,
    0xF4C1, 0xF503, 0xFE91, 0xFFFF, 0xFFFF, 0xFFFF, 0x95D3, 0x546B, 0x5CAC, 0x54AC, 0x54AC, 0x54AC,
    0x54AC, 0x54AC, 0x54AC, 0x54AC, 0x54AC, 0x54AC, 0x54AC, 0x54AC, 0x54AC, 0x54AC, 0x54AC, 0x54AC,
    0x5CAC, 0x4C6A, 0xBE97, 0xFFFF, 0xFFFF, 0xA635, 0x4C6A, 0x5CAC, 0x548C, 0x6D2F, 0xE77D, 0xFFFF,
    0xFFFF, 0xDF5B, 0x1344, 0x1344, 0x1344, 0x1344, 0x1364, 0x1B45, 0xF81F, 0xF81F, 0xF81F, 0xF81F,
    0xF81F, 0xF81F, 0xF81F, 0xF81F, 0x2AE6, 0x1364, 0x1344, 0x1344, 0x1364, 0x0302, 0x5CCC, 0xFFFF,
    0xFFFF, 0xFFFF, 0xFFFF, 0xFFDE, 0xFF7B, 0xFFDE, 0xFFFF, 0xFFFF, 0xFFFF, 0xFFFF, 0xFFFF, 0xFFFF,
    0xFFFF, 0xFFFF, 0xFFFF, 0xFFFF, 0xFFFF, 0xFFFF, 0xFFFF, 0xFFFF, 0xFFFF, 0xFFFF, 0xFFFF, 0xFFFF,
    0xFFFF, 0xFFFF, 0xFFFF, 0xFFFF, 0xFFFF, 0xFFFF, 0xFFFF, 0xFFFF, 0xFFFF, 0xFFFF, 0xFFFF, 0xFFFF,
    0xFFFF, 0xFFFF, 0xFFFF, 0xFFDF, 0xFFFF, 0x64EE, 0x0302, 0x1364, 0x1344, 0x1344, 0x1384, 0x2326,
    0xF81F, 0xF81F, 0xF81F, 0xF81F, 0xF81F, 0xF81F, 0xF81F, 0xF81F, 0xF81F, 0x1B65, 0x1344, 0x1344,
    0x1344, 0x1344, 0x0302, 0x7D70, 0xFFFF, 0xFFFF, 0xFFFF, 0xFFFF, 0xFFFF, 0xFFFF, 0xFFFF, 0xFFFF,
    0xFFFF, 0xFFFF, 0xFFFF, 0xFFFF, 0xFFFF, 0xFFFF, 0xFFFF, 0xFFFF, 0xFFFF, 0xFFFF, 0xFFFF, 0xFFFF,
    0xFFFF, 0xFFFF, 0xFFFF, 0xFFFF, 0xFFFF, 0xFFFF, 0xFFFF, 0xFFFF, 0xFFFF, 0xFFFF, 0xFFFF, 0xFFFF,
    0xFFFF, 0xFFFF, 0xFFFF, 0xFFFF, 0xFFFF, 0xFFFF, 0xFFFF, 0xFFFF, 0x8591, 0x0302, 0x1344, 0x1344,
    0x1344, 0x1344, 0x1B65, 0xF81F, 0xF81F, 0xF81F, 0xF81F, 0xF81F, 0xF81F, 0xF81F, 0xF81F, 0xF81F,
    0xF81F, 0x2AE7, 0x0B63, 0x1344, 0x1344, 0x1344, 0x1364, 0x0302, 0x444A, 0xAE56, 0xDF3B, 0xE77C,
    0xE75C, 0xE77C, 0xE77C, 0xE77C, 0xE77C, 0xE77C, 0xE77C, 0xE77C, 0xE77C, 0xE77C, 0xE77C, 0xE77C,
    0xE77C, 0xE77C, 0xE77C, 0xE77C, 0xE77C, 0xE77C, 0xE77C, 0xE77C, 0xE77C, 0xE77C, 0xE77C, 0xE77C,
    0xE77C, 0xE77C, 0xE77C, 0xE77C, 0xE77C, 0xE77C, 0xE77C, 0xE77C, 0xE77C, 0xDF5B, 0xB697, 0x548B,
    0x0302, 0x1344, 0x1344, 0x1344, 0x1344, 0x1363, 0x2AE7, 0xF81F, 0xF81F, 0xF81F, 0xF81F, 0xF81F,
    0xF81F, 0xF81F, 0xF81F, 0xF81F, 0xF81F, 0xF81F, 0x2325, 0x1344, 0x1344, 0x1344, 0x1344, 0x1364,
    0x0B23, 0x0302, 0x1364, 0x1B65, 0x1B65, 0x1B65, 0x1B65, 0x1B65, 0x1B85, 0x1B85, 0x1B65, 0x1B65,
    0x1B85, 0x1B85, 0x1B85, 0x1B65, 0x1B65, 0x1B65, 0x1B65, 0x1B65, 0x1B65, 0x1B65, 0x1B65, 0x1B85,
    0x1B85, 0x1B65, 0x1B65, 0x1B65, 0x1B65, 0x1B65, 0x1B65, 0x1B85, 0x1B85, 0x1B85, 0x1B85, 0x1B65,
    0x1B85, 0x1B64, 0x0B03, 0x0302, 0x1344, 0x1344, 0x1344, 0x1344, 0x1343, 0x2326, 0xF81F, 0xF81F,
    0xF81F, 0xF81F, 0xF81F, 0xF81F, 0xF81F, 0xF81F, 0xF81F, 0xF81F, 0xF81F, 0xF81F, 0xF81F, 0x1364,
    0x1344, 0x1344, 0x1344, 0x1344, 0x1364, 0x1364, 0x1344, 0x1344, 0x1344, 0x1344, 0x1344, 0x1344,
    0x1344, 0x1344, 0x1344, 0x1344, 0x1344, 0x1344, 0x1344, 0x1344, 0x1344, 0x1344, 0x1344, 0x1344,
    0x1344, 0x1344, 0x1344, 0x1344, 0x1344, 0x1344, 0x1344, 0x1344, 0x1344, 0x1344, 0x1344, 0x1344,
    0x1344, 0x1344, 0x1344, 0x1344, 0x1344, 0x1344, 0x1344, 0x1364, 0x1344, 0x1344, 0x1344, 0x1344,
    0x1364, 0xF81F, 0xF81F, 0xF81F, 0xF81F, 0xF81F, 0xF81F, 0xF81F, 0xF81F, 0xF81F, 0xF81F, 0xF81F,
    0xF81F, 0xF81F, 0xF81F, 0xF81F, 0x1364, 0x1344, 0x1344, 0x1344, 0x1344, 0x1344, 0x1344, 0x1344,
    0x1344, 0x1344, 0x1344, 0x1344, 0x1344, 0x1344, 0x1344, 0x1344, 0x1364, 0x1364, 0x1364, 0x1344,
    0x1344, 0x1344, 0x1344, 0x1344, 0x1344, 0x1344, 0x1344, 0x1344, 0x1344, 0x1344, 0x1344, 0x1344,
    0x1344, 0x1344, 0x1344, 0x1344, 0x1344, 0x1344, 0x1344, 0x1344, 0x1344, 0x1344, 0x1344, 0x1344,
    0x1344, 0x1344, 0x1344, 0x1364, 0xF81F, 0xF81F, 0xF81F, 0xF81F, 0xF81F, 0xF81F, 0xF81F, 0xF81F,
    0xF81F, 0xF81F, 0xF81F, 0xF81F, 0xF81F, 0xF81F, 0xF81F, 0xF81F, 0xF81F, 0x1B45, 0x1384, 0x1344,
    0x1344, 0x1344, 0x1344, 0x1344, 0x1344, 0x1344, 0x1344, 0x1344, 0x1344, 0x1344, 0x1344, 0x1344,
    0x1344, 0x1344, 0x1344, 0x1344, 0x1344, 0x1344, 0x1344, 0x1344, 0x1344, 0x1344, 0x1344, 0x1344,
    0x1344, 0x1344, 0x1344, 0x1344, 0x1344, 0x1344, 0x1344, 0x1344, 0x1344, 0x1344, 0x1344, 0x1344,
    0x1344, 0x1344, 0x1344, 0x1344, 0x1344, 0x1384, 0x1B45, 0xF81F, 0xF81F, 0xF81F, 0xF81F, 0xF81F,
    0xF81F, 0xF81F, 0xF81F, 0xF81F, 0xF81F, 0xF81F, 0xF81F, 0xF81F, 0xF81F, 0xF81F, 0xF81F, 0xF81F,
    0xF81F, 0xF81F, 0x2326, 0x1364, 0x1364, 0x1343, 0x1344, 0x1344, 0x1344, 0x1344, 0x1344, 0x1344,
    0x1344, 0x1344, 0x1344, 0x1344, 0x1344, 0x1344, 0x1344, 0x1344, 0x1344, 0x1344, 0x1344, 0x1344,
    0x1344, 0x1344, 0x1344, 0x1344, 0x1344, 0x1344, 0x1344, 0x1344, 0x1344, 0x1344, 0x1344, 0x1344,
    0x1344, 0x1344, 0x1344, 0x1344, 0x1344, 0x1344, 0x1343, 0x1384, 0x1364, 0x2326, 0xF81F, 0xF81F,
    0xF81F, 0xF81F, 0xF81F, 0xF81F, 0xF81F, 0xF81F, 0xF81F, 0xF81F, 0xF81F, 0xF81F, 0xF81F, 0xF81F,
    0xF81F, 0xF81F, 0xF81F, 0xF81F, 0xF81F, 0xF81F, 0xF81F, 0xF81F, 0x2B07, 0x2326, 0x1B65, 0x1384,
    0x1384, 0x1384, 0x1384, 0x1384, 0x1384, 0x1384, 0x1384, 0x1384, 0x1384, 0x1384, 0x1384, 0x1364,
    0x1364, 0x1384, 0x1384, 0x1384, 0x1384, 0x1384, 0x1384, 0x1384, 0x1384, 0x1384, 0x1384, 0x1384,
    0x1384, 0x1384, 0x1384, 0x1384, 0x1384, 0x1384, 0x1384, 0x1384, 0x1384, 0x1B65, 0x2326, 0x2B07,
    0xF81F, 0xF81F, 0xF81F, 0xF81F, 0xF81F, 0xF81F, 0xF81F, 0xF81F, 0xF81F, 0xF81F, 0xF81F, 0xF81F,
    0xF81F, 0xF81F, 0xF81F, 0xF81F, 0xF81F, 0xF81F, 0xF81F, 0xF81F, 0xF81F, 0xF81F, 0xF81F, 0xF81F,
    0xF81F, 0xF81F, 0xF81F, 0xF81F, 0x32C8, 0x3AE8, 0x32C8, 0x32E8, 0x32E8, 0x32C8, 0x32E8, 0x32C8,
    0x32E8, 0x32E8, 0x32E8, 0x32C8, 0x32C8, 0x32C8, 0x32C8, 0x32E8, 0x32E8, 0x32C8, 0x32C8, 0x32C8,
    0x32C8, 0x32C8, 0x32C8, 0x32C8, 0x32E8, 0x32C8, 0x32C8, 0x32C8, 0x32E8, 0x32C8, 0x3AC8, 0x32C8,
    0xF81F, 0xF81F, 0xF81F, 0xF81F, 0xF81F, 0xF81F, 0xF81F, 0xF81F, 0xF81F, 0xF81F, 0xF81F, 0xF81F,
    0xF81F, 0xF81F, 0xF81F, 0xF81F, 0xF81F, 0xF81F, 0xF81F, 0xF81F, 0xF81F, 0xF81F, 0xF81F, 0xF81F,
    0xF81F, 0xF81F, 0xF81F, 0xF81F, 0xF81F, 0xF81F, 0xF81F, 0xF81F, 0xF81F, 0xF81F, 0xF81F, 0xF81F,
    0xF81F, 0xF81F, 0xF81F, 0xF81F, 0xF81F, 0xF81F, 0xF81F, 0xF81F, 0xF81F, 0xF81F, 0xF81F, 0xF81F,
    0xF81F, 0xF81F, 0xF81F, 0xF81F, 0xF81F, 0xF81F, 0xF81F, 0xF81F, 0xF81F, 0xF81F, 0xF81F, 0xF81F,
    0xF81F, 0xF81F, 0xF81F, 0xF81F, 0xF81F, 0xF81F, 0xF81F, 0xF81F, 0xF81F, 0xF81F, 0xF81F, 0xF81F,
    0xF81F, 0xF81F, 0xF81F, 0xF81F, 0xF81F, 0xF81F, 0xF81F, 0xF81F, 0xF81F, 0xF81F, 0xF81F, 0xF81F,
    0xF81F, 0xF81F, 0xF81F, 0xF81F, 0xF81F, 0xF81F, 0xF81F, 0xF81F, 0xF81F, 0xF81F, 0xF81F, 0xF81F,
    0xF81F, 0xF81F, 0xF81F, 0xF81F, 0xF81F, 0xF81F, 0xF81F, 0xF81F, 0xF81F, 0xF81F, 0xF81F, 0xF81F,
    0xF81F, 0xF81F, 0xF81F, 0xF81F, 0xF81F, 0xF81F, 0xF81F, 0xF81F, 0xF81F, 0xF81F, 0xF81F, 0xF81F,
    0xF81F, 0xF81F, 0xF81F, 0xF81F, 0xF81F, 0xF81F, 0xF81F, 0xF81F, 0xF81F, 0xF81F, 0xF81F, 0xF81F,
    0xF81F, 0xF81F, 0xF81F, 0xF81F, 0xF81F, 0xF81F, 0xF81F, 0xF81F, 0xF81F, 0xF81F, 0xF81F, 0xF81F,
    0xF81F, 0xF81F, 0xF81F, 0xF81F, 0xF81F, 0xF81F, 0xF81F, 0xF81F, 0xF81F, 0xF81F, 0xF81F, 0xF81F,
    0xF81F, 0xF81F, 0xF81F, 0xF81F, 0xF81F, 0xF81F, 0xF81F, 0xF81F, 0xF81F, 0xF81F, 0xF81F, 0xF81F,
    0xF81F, 0xF81F, 0xF81F, 0xF81F, 0xF81F, 0xF81F, 0xF81F, 0xF81F, 0xF81F, 0xF81F, 0xF81F, 0xF81F,
    0xF81F, 0xF81F, 0xF81F, 0xF81F, 0xF81F, 0xF81F, 0xF81F, 0xF81F, 0xF81F, 0xF81F, 0xF81F, 0xF81F,
    0xF81F, 0xF81F, 0xF81F, 0xF81F, 0xF81F, 0xF81F, 0xF81F, 0xF81F, 0xF81F, 0xF81F, 0xF81F, 0xF81F,
    0xF81F, 0xF81F, 0xF81F, 0xF81F,
};
const uint16_t kIconAvalanche[kLauncherIconPixels] = {
    0xF81F, 0xF81F, 0xF81F, 0xF81F, 0xF81F, 0xF81F, 0xF81F, 0xF81F, 0xF81F, 0xF81F, 0xF81F, 0xF81F,
    0xF81F, 0xF81F, 0xF81F, 0xF81F, 0xF81F, 0xF81F, 0xF81F, 0xF81F, 0xF81F, 0xF81F, 0xF81F, 0xF81F,
    0xF81F, 0xF81F, 0xF81F, 0xF81F, 0xF81F, 0xF81F, 0xF81F, 0xF81F, 0xF81F, 0xF81F, 0xF81F, 0xF81F,
    0xF81F, 0xF81F, 0xF81F, 0xF81F, 0xF81F, 0xF81F, 0xF81F, 0xF81F, 0xF81F, 0xF81F, 0xF81F, 0xF81F,
    0xF81F, 0xF81F, 0xF81F, 0xF81F, 0xF81F, 0xF81F, 0xF81F, 0xF81F, 0xF81F, 0xF81F, 0xF81F, 0xF81F,
    0xF81F, 0xF81F, 0xF81F, 0xF81F, 0xF81F, 0xF81F, 0xF81F, 0xF81F, 0xF81F, 0xF81F, 0xF81F, 0xF81F,
    0xF81F, 0xF81F, 0xF81F, 0xF81F, 0xF81F, 0xF81F, 0xF81F, 0xF81F, 0xF81F, 0xF81F, 0xF81F, 0xF81F,
    0xF81F, 0xF81F, 0xF81F, 0xF81F, 0xF81F, 0xF81F, 0xF81F, 0xF81F, 0xF81F, 0xF81F, 0xF81F, 0xF81F,
    0xF81F, 0xF81F, 0xF81F, 0xF81F, 0xF81F, 0xF81F, 0xF81F, 0xF81F, 0xF81F, 0xF81F, 0xF81F, 0xF81F,
    0xF81F, 0xF81F, 0xF81F, 0xF81F, 0xF81F, 0xF81F, 0xF81F, 0xF81F, 0xF81F, 0xF81F, 0xF81F, 0xF81F,
    0xF81F, 0xF81F, 0xF81F, 0xF81F, 0xF81F, 0xF81F, 0xF81F, 0xF81F, 0xF81F, 0xF81F, 0xF81F, 0xF81F,
    0xF81F, 0xF81F, 0xF81F, 0xF81F, 0xF81F, 0xF81F, 0xF81F, 0xF81F, 0xF81F, 0xF81F, 0xF81F, 0xF81F,
    0xF81F, 0xF81F, 0xF81F, 0xF81F, 0xF81F, 0xF81F, 0xF81F, 0xF81F, 0xF81F, 0xF81F, 0xF81F, 0xF81F,
    0xF81F, 0xF81F, 0xF81F, 0xF81F, 0xF81F, 0xF81F, 0xF81F, 0xF81F, 0xF81F, 0xF81F, 0xF81F, 0xF81F,
    0xF81F, 0xF81F, 0xF81F, 0xF81F, 0xF81F, 0xF81F, 0xF81F, 0xF81F, 0xF81F, 0xF81F, 0xF81F, 0xF81F,
    0xF81F, 0xF81F, 0xF81F, 0xF81F, 0xF81F, 0xF81F, 0xF81F, 0xF81F, 0xF81F, 0xF81F, 0xF81F, 0xF81F,
    0xF81F, 0xF81F, 0xF81F, 0xF81F, 0xF81F, 0xF81F, 0xF81F, 0xF81F, 0xF81F, 0xF81F, 0xF81F, 0xF81F,
    0xF81F, 0xF81F, 0xF81F, 0xF81F, 0xF81F, 0xF81F, 0xF81F, 0xF81F, 0xF81F, 0xF81F, 0xF81F, 0xF81F,
    0xF81F, 0xF81F, 0xF81F, 0xF81F, 0xF81F, 0xF81F, 0xF81F, 0xF81F, 0xF81F, 0xF81F, 0xF81F, 0xF81F,
    0xF81F, 0xF81F, 0xF81F, 0xF81F, 0xF81F, 0xF81F, 0xF81F, 0xF81F, 0xF81F, 0xF81F, 0xF81F, 0xF81F,
    0xF81F, 0xF81F, 0xF81F, 0xF81F, 0xF81F, 0xF81F, 0xF81F, 0xF81F, 0xF81F, 0xF81F, 0xF81F, 0xF81F,
    0xF81F, 0xF81F, 0xF81F, 0xF81F, 0xF81F, 0xF81F, 0xF81F, 0xF81F, 0xF81F, 0xF81F, 0xF81F, 0xF81F,
    0xF81F, 0xF81F, 0xF81F, 0xF81F, 0xF81F, 0x5334, 0x4B33, 0x4352, 0x4B73, 0x4373, 0x4373, 0x4373,
    0x4373, 0x4373, 0x4373, 0x4373, 0x4373, 0x4373, 0x4373, 0x4373, 0x4373, 0x4373, 0x4373, 0x4373,
    0x4373, 0x4373, 0x4393, 0x4373, 0x4373, 0x4373, 0x4373, 0x4373, 0x4373, 0x4373, 0x4373, 0x4373,
    0x4373, 0x4373, 0x4373, 0x4373, 0x4352, 0x4B33, 0x4B33, 0xF81F, 0xF81F, 0xF81F, 0xF81F, 0xF81F,
    0xF81F, 0xF81F, 0xF81F, 0xF81F, 0xF81F, 0xF81F, 0xF81F, 0xF81F, 0xF81F, 0xF81F, 0xF81F, 0xF81F,
    0xF81F, 0xF81F, 0xF81F, 0xF81F, 0xF81F, 0xF81F, 0xF81F, 0x4B34, 0x4373, 0x4393, 0x3B92, 0x3B72,
    0x3B72, 0x3B72, 0x3B72, 0x3B72, 0x3B72, 0x3B72, 0x3B72, 0x3B72, 0x3B72, 0x3B72, 0x3B72, 0x3B72,
    0x3B72, 0x3B72, 0x3B72, 0x3B72, 0x3B72, 0x3B72, 0x3B72, 0x3B72, 0x3B72, 0x3B72, 0x3B52, 0x3B52,
    0x3B52, 0x3B72, 0x3B72, 0x3B72, 0x3B72, 0x3B72, 0x3B52, 0x3B72, 0x3B72, 0x3B92, 0x4393, 0x4393,
    0x4B33, 0xF81F, 0xF81F, 0xF81F, 0xF81F, 0xF81F, 0xF81F, 0xF81F, 0xF81F, 0xF81F, 0xF81F, 0xF81F,
    0xF81F, 0xF81F, 0xF81F, 0xF81F, 0xF81F, 0xF81F, 0xF81F, 0xF81F, 0xF81F, 0x4B33, 0x4393, 0x3B92,
    0x3B72, 0x3B72, 0x3B72, 0x3B72, 0x3B72, 0x3B72, 0x3B72, 0x3B72, 0x3B72, 0x3B72, 0x3B72, 0x3B72,
    0x3B72, 0x3B72, 0x3B72, 0x3B72, 0x3B72, 0x3B72, 0x3B72, 0x3B72, 0x3B72, 0x3B72, 0x3B72, 0x3B52,
    0x3B52, 0x3B52, 0x3B52, 0x3B52, 0x3B72, 0x3B72, 0x3B72, 0x3B72, 0x3B52, 0x3B72, 0x3B72, 0x3B72,
    0x3B72, 0x3B52, 0x3B52, 0x3B72, 0x3B92, 0x4373, 0x4B13, 0xF81F, 0xF81F, 0xF81F, 0xF81F, 0xF81F,
    0xF81F, 0xF81F, 0xF81F, 0xF81F, 0xF81F, 0xF81F, 0xF81F, 0xF81F, 0xF81F, 0xF81F, 0xF81F, 0xF81F,
    0x5314, 0x43B3, 0x3B72, 0x3B52, 0x3B72, 0x3B72, 0x3B72, 0x3B72, 0x3B72, 0x3B72, 0x3B72, 0x3B72,
    0x3B72, 0x3B72, 0x3B72, 0x3B72, 0x3B72, 0x3B72, 0x3B72, 0x3B72, 0x3B72, 0x3B72, 0x3B72, 0x3B72,
    0x3B72, 0x3B72, 0x3B72, 0x3B52, 0x3B52, 0x3B52, 0x3B52, 0x3B72, 0x3B72, 0x3B52, 0x3B72, 0x3B52,
    0x3B72, 0x3B72, 0x3B72, 0x3B72, 0x3B72, 0x3B72, 0x3B72, 0x3B72, 0x3B52, 0x3B52, 0x4393, 0x4B14,
    0xF81F, 0xF81F, 0xF81F, 0xF81F, 0xF81F, 0xF81F, 0xF81F, 0xF81F, 0xF81F, 0xF81F, 0xF81F, 0xF81F,
    0xF81F, 0xF81F, 0xF81F, 0x5314, 0x43B3, 0x3B51, 0x3B52, 0x3B72, 0x3B72, 0x3B72, 0x3B72, 0x3B72,
    0x3B72, 0x3B72, 0x3B72, 0x3B72, 0x3B72, 0x3B72, 0x3B72, 0x3B72, 0x3B72, 0x3B72, 0x3B72, 0x3B52,
    0x3B72, 0x3B72, 0x3B72, 0x3B72, 0x3B72, 0x3B72, 0x3B72, 0x3B52, 0x3B52, 0x3B52, 0x3B72, 0x3B72,
    0x3B72, 0x3B72, 0x3B72, 0x3B72, 0x3B52, 0x3B52, 0x3B72, 0x3B72, 0x3B52, 0x3B72, 0x3B72, 0x3B72,
    0x3B72, 0x3B52, 0x3B52, 0x43B3, 0x4B13, 0xF81F, 0xF81F, 0xF81F, 0xF81F, 0xF81F, 0xF81F, 0xF81F,
    0xF81F, 0xF81F, 0xF81F, 0xF81F, 0xF81F, 0xF81F, 0x4B13, 0x43B3, 0x3B52, 0x3B72, 0x3B72, 0x3B72,
    0x3B72, 0x3B72, 0x3B72, 0x3B72, 0x3B72, 0x3B72, 0x3B72, 0x3B72, 0x3B72, 0x3B72, 0x3B72, 0x3B72,
    0x3B72, 0x3B72, 0x3B72, 0x3B72, 0x3B72, 0x3B72, 0x3B72, 0x3B52, 0x3B72, 0x3B72, 0x3B72, 0x3B72,
    0x3B52, 0x3B52, 0x3B72, 0x3B72, 0x3B72, 0x3B72, 0x3B72, 0x3B72, 0x3B52, 0x3B52, 0x3B52, 0x3B72,
    0x3B72, 0x3B72, 0x3B52, 0x3B52, 0x3B52, 0x3B52, 0x3B52, 0x3B52, 0x43B3, 0x4B13, 0xF81F, 0xF81F,
    0xF81F, 0xF81F, 0xF81F, 0xF81F, 0xF81F, 0xF81F, 0xF81F, 0xF81F, 0xF81F, 0xF81F, 0x4373, 0x3B72,
    0x3B72, 0x3B72, 0x3B72, 0x3B72, 0x3B72, 0x3B72, 0x3B72, 0x3B72, 0x3B72, 0x3B72, 0x3B72, 0x3B72,
    0x3B72, 0x3B72, 0x3B72, 0x3B72, 0x3B72, 0x3B72, 0x3B72, 0x3B72, 0x3B72, 0x3B72, 0x3B72, 0x3B72,
    0x3B72, 0x3B72, 0x3B72, 0x3B52, 0x3B52, 0x3B72, 0x3B72, 0x3B72, 0x3B72, 0x3B72, 0x3B72, 0x3B72,
    0x3B52, 0x3B52, 0x3B52, 0x3B72, 0x3B72, 0x3B52, 0x3B52, 0x3B52, 0x3B52, 0x3B52, 0x3B72, 0x3B72,
    0x3B72, 0x4373, 0xF81F, 0xF81F, 0xF81F, 0xF81F, 0xF81F, 0xF81F, 0xF81F, 0xF81F, 0xF81F, 0xF81F,
    0xF81F, 0x4352, 0x4393, 0x3B72, 0x3B72, 0x3B72, 0x3B72, 0x3B72, 0x3B72, 0x3B72, 0x3B72, 0x3B72,
    0x3B72, 0x3B72, 0x3B72, 0x3B72, 0x3B72, 0x3B72, 0x3B72, 0x3B72, 0x3B72, 0x3B52, 0x3B52, 0x3B72,
    0x3B72, 0x3B72, 0x3B72, 0x3B72, 0x3B72, 0x3B72, 0x3B72, 0x3B52, 0x3B52, 0x3B72, 0x3B72, 0x3B72,
    0x3B72, 0x3B72, 0x3B72, 0x3B72, 0x3B72, 0x3B72, 0x3B72, 0x3B72, 0x3B72, 0x3B72, 0x3B72, 0x3B52,
    0x3B52, 0x3B52, 0x3B72, 0x3B72, 0x3B52, 0x4393, 0x4352, 0xF81F, 0xF81F, 0xF81F, 0xF81F, 0xF81F,
    0xF81F, 0xF81F, 0xF81F, 0xF81F, 0xF81F, 0x4373, 0x3B52, 0x3B72, 0x3B72, 0x3B72, 0x3B72, 0x3B72,
    0x3B72, 0x3B72, 0x3B72, 0x3B72, 0x3B72, 0x3B72, 0x3B72, 0x3B72, 0x3B72, 0x3B72, 0x3B72, 0x3B72,
    0x3B72, 0x3B52, 0x3B52, 0x3B72, 0x3B72, 0x3B72, 0x3B72, 0x3B72, 0x3B72, 0x3B72, 0x3B72, 0x3B72,
    0x3B52, 0x3B72, 0x3B72, 0x3B72, 0x3B72, 0x3B72, 0x3B72, 0x3B72, 0x3B72, 0x3B72, 0x3B72, 0x3B72,
    0x3B72, 0x3B72, 0x3B72, 0x3B52, 0x3B72, 0x3B72, 0x3B72, 0x3B72, 0x3B72, 0x3B52, 0x4373, 0xF81F,
    0xF81F, 0xF81F, 0xF81F, 0xF81F, 0xF81F, 0xF81F, 0xF81F, 0xF81F, 0x52F3, 0x4393, 0x3B52, 0x3B72,
    0x3B72, 0x3B72, 0x3B72, 0x3B72, 0x3B72, 0x3B72, 0x3B72, 0x3B52, 0x3B31, 0x3B52, 0x3B72, 0x3B72,
    0x3B72, 0x3B72, 0x3B72, 0x3B72, 0x3B72, 0x3B72, 0x3B52, 0x3B72, 0x3B72, 0x3B72, 0x3B72, 0x3B72,
    0x3B72, 0x3B52, 0x3B72, 0x3B72, 0x3B72, 0x3B52, 0x3B52, 0x3B52, 0x3B52, 0x3B52, 0x3B52, 0x3B72,
    0x3B72, 0x3B72, 0x3B72, 0x3B72, 0x3B72, 0x3B72, 0x3B72, 0x3B72, 0x3B72, 0x3B72, 0x3B72, 0x3B52,
    0x3B72, 0x3B52, 0x4393, 0x52F3, 0xF81F, 0xF81F, 0xF81F, 0xF81F, 0xF81F, 0xF81F, 0xF81F, 0xF81F,
    0x4333, 0x3B92, 0x3B52, 0x3B72, 0x3B72, 0x3B52, 0x3B52, 0x3B72, 0x3B72, 0x3B72, 0x3B52, 0x4372,
    0x9DB9, 0x3B72, 0x3B52, 0x3B72, 0x3B72, 0x3B72, 0x3B72, 0x3B72, 0x3B72, 0x3B72, 0x3B52, 0x3B52,
    0x3B72, 0x3B72, 0x3B72, 0x3B72, 0x3B52, 0x3B52, 0x3B52, 0x3B52, 0x3B72, 0x3B72, 0x3B52, 0x3B52,
    0x3B72, 0x3B52, 0x3B52, 0x3B72, 0x3B72, 0x3B72, 0x3B52, 0x3B52, 0x3B72, 0x3B72, 0x3B72, 0x3B72,
    0x3B72, 0x3B52, 0x3B72, 0x3B72, 0x3B72, 0x3B52, 0x3B92, 0x4333, 0xF81F, 0xF81F, 0xF81F, 0xF81F,
    0xF81F, 0xF81F, 0xF81F, 0xF81F, 0x4352, 0x3B72, 0x3B52, 0x3B52, 0x3B52, 0x3B52, 0x3B52, 0x3B52,
    0x3B72, 0x4372, 0x3311, 0x6C95, 0xFFFF, 0x74B6, 0x3311, 0x3B72, 0x3B72, 0x3B72, 0x3B72, 0x3B72,
    0x3B72, 0x3B72, 0x3B72, 0x3B72, 0x3B72, 0x3B72, 0x3B72, 0x3B72, 0x3B72, 0x3B72, 0x3B52, 0x3B52,
    0x3B72, 0x3B72, 0x3B72, 0x3B52, 0x3B72, 0x3B72, 0x3B72, 0x3B72, 0x3B72, 0x3B72, 0x3B72, 0x3B72,
    0x3B72, 0x3B72, 0x3B72, 0x3B72, 0x3B72, 0x3B72, 0x3B72, 0x3B72, 0x3B72, 0x3B52, 0x3B72, 0x4352,
    0xF81F, 0xF81F, 0xF81F, 0xF81F, 0xF81F, 0xF81F, 0xF81F, 0xF81F, 0x4353, 0x3B72, 0x3B72, 0x3B52,
    0x3B72, 0x3B52, 0x3B52, 0x3B52, 0x3B72, 0x3B72, 0x3331, 0xCEBC, 0xFFFF, 0xDF1D, 0x3B52, 0x3B52,
    0x3B72, 0x3B72, 0x3B52, 0x3B72, 0x3B52, 0x3B72, 0x3B72, 0x3B72, 0x3B72, 0x3B72, 0x3B72, 0x3B72,
    0x3B72, 0x3B72, 0x3B52, 0x3B52, 0x3B72, 0x3B72, 0x3B72, 0x3B72, 0x3B72, 0x3B72, 0x3B72, 0x3B72,
    0x3B52, 0x3B52, 0x3B72, 0x3B72, 0x3B72, 0x3B72, 0x3B72, 0x3B72, 0x3B72, 0x3B72, 0x3B72, 0x3B72,
    0x3B72, 0x3B72, 0x3B72, 0x4373, 0xF81F, 0xF81F, 0xF81F, 0xF81F, 0xF81F, 0xF81F, 0xF81F, 0xF81F,
    0x4373, 0x3B52, 0x3B72, 0x3B72, 0x3B72, 0x3B72, 0x3B72, 0x3B52, 0x3B72, 0x3331, 0x6455, 0xFFFF,
    0xFFDF, 0xFFFF, 0x8537, 0x2B11, 0x4372, 0x3B52, 0x4392, 0x3B52, 0x3B72, 0x3B52, 0x3B52, 0x3B52,
    0x3B72, 0x3B72, 0x3B72, 0x3B72, 0x3B72, 0x3B72, 0x3B72, 0x3B52, 0x3B72, 0x3B72, 0x3B72, 0x3B72,
    0x3B72, 0x3B72, 0x3B72, 0x3B72, 0x3B52, 0x3B52, 0x3B52, 0x3B72, 0x3B72, 0x3B72, 0x3B72, 0x3B72,
    0x3B72, 0x3B72, 0x3B72, 0x3B52, 0x3B72, 0x3B72, 0x3B72, 0x4373, 0xF81F, 0xF81F, 0xF81F, 0xF81F,
    0xF81F, 0xF81F, 0xF81F, 0xF81F, 0x4373, 0x3B52, 0x3B52, 0x3B72, 0x3B72, 0x3B52, 0x3B52, 0x3B72,
    0x4372, 0x3311, 0xBE7B, 0xFFFF, 0xFFDF, 0xFFFF, 0xEF7E, 0x4392, 0x3331, 0x4BD3, 0xCEDC, 0x4392,
    0x3B52, 0x3B72, 0x3B52, 0x3B72, 0x3B72, 0x3B72, 0x3B72, 0x3B72, 0x3B72, 0x3B72, 0x3B72, 0x3B72,
    0x3B72, 0x3B72, 0x3B72, 0x3B72, 0x3B72, 0x3B72, 0x3B72, 0x3B72, 0x3B52, 0x3B52, 0x3B52, 0x3B72,
    0x3B72, 0x3B72, 0x3B72, 0x3B72, 0x3B72, 0x3B72, 0x3B72, 0x3B52, 0x3B52, 0x3B72, 0x3B72, 0x4373,
    0xF81F, 0xF81F, 0xF81F, 0xF81F, 0xF81F, 0xF81F, 0xF81F, 0xF81F, 0x4373, 0x3B52, 0x3B52, 0x3B72,
    0x3B52, 0x3B52, 0x3B52, 0x3B72, 0x3331, 0x5C34, 0xFFDF, 0xFFFF, 0xFFFF, 0xFFDF, 0xFFFF, 0x9DB9,
    0x1AB0, 0xA5D9, 0xFFFF, 0x9558, 0x2B11, 0x4372, 0x3B72, 0x3B72, 0x3B72, 0x3B72, 0x3B72, 0x3B72,
    0x3B72, 0x3B52, 0x3B72, 0x3B72, 0x3B72, 0x3B72, 0x3B72, 0x3B72, 0x3B72, 0x3B72, 0x3B72, 0x3B72,
    0x3B52, 0x3B52, 0x3B52, 0x3B72, 0x3B72, 0x3B72, 0x3B72, 0x3B72, 0x3B72, 0x3B72, 0x3B52, 0x3B52,
    0x3B52, 0x3B72, 0x3B72, 0x4373, 0xF81F, 0xF81F, 0xF81F, 0xF81F, 0xF81F, 0xF81F, 0xF81F, 0xF81F,
    0x4373, 0x3B52, 0x3B52, 0x3B72, 0x3B52, 0x3B52, 0x3B52, 0x4372, 0x2B11, 0xB63A, 0xFFFF, 0xFFDF,
    0xEF9E, 0xFFFF, 0xFFFF, 0xEF9E, 0x6C75, 0xF7BE, 0xFFFF, 0xEF9E, 0x4BB3, 0x3B51, 0x3B72, 0x3B72,
    0x3B72, 0x3B72, 0x3B72, 0x3B72, 0x3B72, 0x3B72, 0x3B72, 0x3B72, 0x3B72, 0x3B72, 0x3B72, 0x3B72,
    0x3B72, 0x3B52, 0x3B72, 0x3B72, 0x3B72, 0x3B72, 0x3B72, 0x3B72, 0x3B72, 0x3B72, 0x3B72, 0x3B72,
    0x3B72, 0x3B72, 0x3B72, 0x3B52, 0x3B52, 0x3B72, 0x3B72, 0x4373, 0xF81F, 0xF81F, 0xF81F, 0xF81F,
    0xF81F, 0xF81F, 0xF81F, 0xF81F, 0x4373, 0x3B72, 0x3B52, 0x3B72, 0x3B52, 0x3B52, 0x3B72, 0x3331,
    0x53F3, 0xF7DF, 0xFFFF, 0xFFFF, 0x7495, 0xCEDC, 0xFFFF, 0xFFFF, 0xF7DF, 0xFFFF, 0xEF7E, 0xFFFF,
    0xADF9, 0x2AF1, 0x4372, 0x3B72, 0x3B72, 0x3B72, 0x3B72, 0x3B72, 0x3B72, 0x3B72, 0x3B72, 0x3B72,
    0x3B72, 0x3B72, 0x3B72, 0x3B72, 0x3B72, 0x3B72, 0x3B72, 0x3B72, 0x3B72, 0x3B72, 0x3B72, 0x3B72,
    0x3B72, 0x3B52, 0x3B72, 0x3B72, 0x3B72, 0x3B72, 0x3B72, 0x3B52, 0x3B52, 0x3B52, 0x3B72, 0x4373,
    0xF81F, 0xF81F, 0xF81F, 0xF81F, 0xF81F, 0xF81F, 0xF81F, 0xF81F, 0x4373, 0x3B72, 0x3B72, 0x3B72,
    0x3B52, 0x3B52, 0x4372, 0x2B11, 0xA5D9, 0xFFFF, 0xFFFF, 0xFFDF, 0x4BB3, 0x53F3, 0xF7DF, 0xFFFF,
    0xFFFF, 0xFFFF, 0x7CF7, 0x9578, 0xFFFF, 0x53F3, 0x3B31, 0x4372, 0x4372, 0x4372, 0x3B72, 0x3B72,
    0x3B72, 0x3B72, 0x3B72, 0x3B72, 0x3B72, 0x3B72, 0x3B72, 0x3B72, 0x3B51, 0x3B52, 0x3B72, 0x3B72,
    0x3B72, 0x3B72, 0x3B72, 0x3B72, 0x3B52, 0x3B72, 0x3B72, 0x3B72, 0x3B52, 0x3B52, 0x3B52, 0x3B72,
    0x3B72, 0x3B52, 0x3B52, 0x4373, 0xF81F, 0xF81F, 0xF81F, 0xF81F, 0xF81F, 0xF81F, 0xF81F, 0xF81F,
    0x4373, 0x3B72, 0x3B72, 0x3B52, 0x3B52, 0x3B72, 0x3B51, 0x4BB3, 0xF7BE, 0xFFFF, 0xFFFF, 0xE75E,
    0x4392, 0x2B11, 0x8D37, 0xFFFF, 0xFFFF, 0xE75E, 0x3B52, 0x4392, 0xF7BF, 0xBE7B, 0x2AF0, 0x3311,
    0x3311, 0x3311, 0x3B52, 0x3B72, 0x3B72, 0x3B72, 0x3B72, 0x3B72, 0x3B72, 0x3B72, 0x3B72, 0x3B52,
    0x4BB3, 0x4BB3, 0x3B52, 0x3B72, 0x3B72, 0x3B72, 0x3B72, 0x3B72, 0x3B52, 0x3B72, 0x3B72, 0x3B72,
    0x3B72, 0x3B52, 0x3B52, 0x3B72, 0x3B72, 0x3B52, 0x3B72, 0x4373, 0xF81F, 0xF81F, 0xF81F, 0xF81F,
    0xF81F, 0xF81F, 0xF81F, 0xF81F, 0x4373, 0x3B52, 0x3B52, 0x3B52, 0x3B52, 0x4372, 0x2B11, 0x9D98,
    0xFFFF, 0xFFDF, 0xFFFF, 0xBE7B, 0x3331, 0x4392, 0x3311, 0xBE5B, 0xFFFF, 0x8517, 0x3331, 0x3311,
    0x9578, 0xFFFF, 0x8517, 0xA5B9, 0xBE7B, 0x8D37, 0x3B52, 0x3B51, 0x3B72, 0x3B52, 0x3B52, 0x3B72,
    0x3B72, 0x3B72, 0x4372, 0x3311, 0xBE5B, 0xD6FC, 0x3331, 0x3B72, 0x3B72, 0x3331, 0x3331, 0x3B72,
    0x3B72, 0x3B72, 0x3B72, 0x3B72, 0x3B72, 0x3B72, 0x3B72, 0x3B72, 0x3B52, 0x3B52, 0x3B72, 0x4373,
    0xF81F, 0xF81F, 0xF81F, 0xF81F, 0xF81F, 0xF81F, 0xF81F, 0xF81F, 0x4373, 0x3B52, 0x3B52, 0x3B52,
    0x3B52, 0x3B52, 0x4392, 0xEF7E, 0xFFFF, 0xFFDF, 0xFFFF, 0x8537, 0x22D0, 0x3B31, 0x3B31, 0x53D3,
    0xC69B, 0x4372, 0x3B52, 0x3B52, 0x3B72, 0xE75D, 0xFFFF, 0xFFFF, 0xFFFF, 0xFFFF, 0xBE7B, 0x3B31,
    0x3B52, 0x3B52, 0x3B52, 0x4372, 0x4372, 0x3B72, 0x3B72, 0x3331, 0x74B6, 0xFFFF, 0x74B6, 0x3311,
    0x3B51, 0x5C14, 0x6C75, 0x3B52, 0x3B72, 0x3B72, 0x3B72, 0x3B72, 0x3B72, 0x3B72, 0x3B72, 0x3B52,
    0x3B52, 0x3B72, 0x3B72, 0x4373, 0xF81F, 0xF81F, 0xF81F, 0xF81F, 0xF81F, 0xF81F, 0xF81F, 0xF81F,
    0x4373, 0x3B72, 0x3B52, 0x3B52, 0x4372, 0x3311, 0x8D37, 0xFFFF, 0xFFDF, 0xFFFF, 0xFFDF, 0x4372,
    0x74B6, 0xAE1A, 0x3331, 0x3B52, 0x3B72, 0x3B52, 0x3B72, 0x3B72, 0x3311, 0x7CD6, 0xFFFF, 0xFFDF,
    0xFFDF, 0xFFDF, 0xFFFF, 0x7495, 0x3331, 0x3B72, 0x3B72, 0x3311, 0x2B11, 0x3B52, 0x3B72, 0x3B72,
    0x3311, 0xD6FC, 0xE73D, 0x2AF1, 0x5C34, 0xF7BF, 0xFFFF, 0x9558, 0x3311, 0x4372, 0x3B72, 0x3B72,
    0x3B72, 0x3B72, 0x3B72, 0x3B72, 0x3B72, 0x3B72, 0x3B72, 0x4373, 0xF81F, 0xF81F, 0xF81F, 0xF81F,
    0xF81F, 0xF81F, 0xF81F, 0xF81F, 0x4373, 0x3B72, 0x3B72, 0x3B72, 0x3B72, 0x3B72, 0xDF3D, 0xFFFF,
    0xFFDF, 0xFFFF, 0xD6FC, 0x9578, 0xFFFF, 0xFFFF, 0x9D98, 0x2B11, 0x4372, 0x3B72, 0x3B72, 0x3B72,
    0x3331, 0x5C14, 0xF7DF, 0xFFFF, 0xFFFF, 0xFFDF, 0xFFFF, 0x7CD6, 0x2AF1, 0x4372, 0x3331, 0x7CD6,
    0x9D98, 0x4372, 0x3B52, 0x4372, 0x3311, 0x6C75, 0xFFFF, 0x84F7, 0x6434, 0xFFFF, 0xFFFF, 0xB63A,
    0x2B11, 0x4372, 0x3B72, 0x3B72, 0x3B72, 0x3B72, 0x3B72, 0x3B72, 0x3B72, 0x3B72, 0x3B72, 0x4373,
    0xF81F, 0xF81F, 0xF81F, 0xF81F, 0xF81F, 0xF81F, 0xF81F, 0xF81F, 0x4373, 0x3B72, 0x3B72, 0x3B72,
    0x3B52, 0x4BB3, 0xEF9E, 0xFFFF, 0xFFFF, 0xFFFF, 0xF7DF, 0xFFFF, 0xFFFF, 0xFFDF, 0xFFFF, 0x7CF7,
    0x2B11, 0x4372, 0x3B72, 0x3B72, 0x3331, 0xCEDC, 0xFFFF, 0xFFDF, 0xFFFF, 0xFFFF, 0xFFFF, 0xA5D9,
    0x4372, 0x3331, 0x4BB3, 0xFFFF, 0xFFFF, 0x8517, 0x3311, 0x4372, 0x3B72, 0x3B51, 0xDF1D, 0xFFFF,
    0xA5D9, 0x9D98, 0xADF9, 0x53F3, 0x3B52, 0x3B72, 0x3B72, 0x3B72, 0x3B72, 0x3B72, 0x3B72, 0x3B72,
    0x3B72, 0x3B72, 0x3B72, 0x4373, 0xF81F, 0xF81F, 0xF81F, 0xF81F, 0xF81F, 0xF81F, 0xF81F, 0xF81F,
    0x4373, 0x3B72, 0x3B72, 0x3B72, 0x3B51, 0x4392, 0xEF9E, 0xFFFF, 0xFFFF, 0xFFFF, 0xFFFF, 0xFFFF,
    0xFFFF, 0xFFFF, 0xFFFF, 0xFFDF, 0x6455, 0x3311, 0x4372, 0x3B52, 0x4BB2, 0xF7BE, 0xFFFF, 0xFFFF,
    0xFFFF, 0xFFFF, 0xFFFF, 0xFFFF, 0xD6FD, 0x4372, 0x3B52, 0xB63A, 0xDF1D, 0x5C14, 0x3331, 0x4372,
    0x3B52, 0x4BD3, 0xEF9E, 0xFFFF, 0xFFFF, 0xCEBC, 0x53D3, 0x2AF0, 0x3B52, 0x4372, 0x3B72, 0x3B72,
    0x3B72, 0x3B72, 0x3B72, 0x3B72, 0x3B72, 0x3B52, 0x3B72, 0x4373, 0xF81F, 0xF81F, 0xF81F, 0xF81F,
    0xF81F, 0xF81F, 0xF81F, 0xF81F, 0x4373, 0x3B72, 0x3B72, 0x3B72, 0x3B52, 0x4392, 0xEF9E, 0xFFFF,
    0xFFFF, 0xFFFF, 0xFFFF, 0xFFFF, 0xFFFF, 0xFFFF, 0xFFFF, 0xFFFF, 0xEF9E, 0x4BD3, 0x3331, 0x4372,
    0x3B51, 0xD6FC, 0xFFFF, 0xFFDF, 0xFFFF, 0xFFFF, 0xFFFF, 0xFFDF, 0xFFFF, 0x74B6, 0x3311, 0x3B51,
    0x2B11, 0x2B11, 0x4BD3, 0x3B51, 0x2B11, 0xC69B, 0xFFFF, 0xFFDF, 0xFFFF, 0xFFFF, 0xFFFF, 0xADF9,
    0x4392, 0x3311, 0x3B72, 0x3B72, 0x3B72, 0x3B72, 0x3B72, 0x3B72, 0x3B72, 0x3B52, 0x3B72, 0x4373,
    0xF81F, 0xF81F, 0xF81F, 0xF81F, 0xF81F, 0xF81F, 0xF81F, 0xF81F, 0x4373, 0x3B72, 0x3B72, 0x3B72,
    0x3B52, 0x4392, 0xEF9E, 0xFFFF, 0xFFFF, 0xFFFF, 0xFFFF, 0xFFFF, 0xFFFF, 0xFFFF, 0xFFFF, 0xFFDF,
    0xFFFF, 0xDF1D, 0x3B52, 0x3B52, 0x3331, 0x5C34, 0xE75E, 0xFFFF, 0xFFFF, 0xFFFF, 0xFFFF, 0xFFFF,
    0xF7BE, 0x4BD3, 0x3331, 0x4BB3, 0x8517, 0xD6FC, 0xFFFF, 0xCEBB, 0xA5D9, 0xFFFF, 0xFFDF, 0xFFFF,
    0xF7BF, 0x7CD6, 0x9578, 0xFFFF, 0xF7BF, 0x8517, 0x3B52, 0x3B72, 0x3B72, 0x3B72, 0x3B72, 0x3B72,
    0x3B72, 0x3B72, 0x3B72, 0x4373, 0xF81F, 0xF81F, 0xF81F, 0xF81F, 0xF81F, 0xF81F, 0xF81F, 0xF81F,
    0x4373, 0x3B72, 0x3B72, 0x3B72, 0x3B52, 0x4392, 0xEF9E, 0xFFFF, 0xFFFF, 0xFFFF, 0xFFFF, 0xFFFF,
    0xFFFF, 0xFFFF, 0xFFFF, 0xFFFF, 0xFFDF, 0xFFFF, 0xBE7B, 0x3331, 0x4372, 0x3331, 0x4392, 0x74D6,
    0xEF7E, 0xFFFF, 0xFFFF, 0xFFFF, 0xF7BF, 0x9D98, 0x2AF1, 0xADF9, 0xFFFF, 0xD71D, 0x9DB8, 0xEF7E,
    0xFFFF, 0xFFDF, 0xFFFF, 0xFFFF, 0x74B6, 0x2AF1, 0x3311, 0x4BD3, 0xBE7B, 0xD71D, 0x3B52, 0x3B72,
    0x3B72, 0x3B72, 0x3B72, 0x3B72, 0x3B72, 0x3B72, 0x3B72, 0x4373, 0xF81F, 0xF81F, 0xF81F, 0xF81F,
    0xF81F, 0xF81F, 0xF81F, 0xF81F, 0x4373, 0x3B72, 0x3B72, 0x3B72, 0x3B52, 0x4392, 0xEF9E, 0xFFFF,
    0xFFFF, 0xFFFF, 0xFFFF, 0xFFFF, 0xFFFF, 0xFFFF, 0xFFFF, 0xFFFF, 0xFFFF, 0xFFDF, 0xFFFF, 0xA5D9,
    0x2B11, 0x4392, 0x3331, 0x5C14, 0xFFFF, 0xFFFF, 0xFFFF, 0xFFFF, 0xFFFF, 0xFFFF, 0x8D58, 0x3B31,
    0x5C34, 0x3B51, 0x2AF0, 0x4372, 0xA5D9, 0xFFFF, 0xFFFF, 0x8D37, 0x2B11, 0x4392, 0x4392, 0x3B51,
    0x3331, 0x3B72, 0x3B72, 0x3B72, 0x3B72, 0x3B72, 0x3B72, 0x3B72, 0x3B72, 0x3B72, 0x3B72, 0x4373,
    0xF81F, 0xF81F, 0xF81F, 0xF81F, 0xF81F, 0xF81F, 0xF81F, 0xF81F, 0x4373, 0x3B72, 0x3B72, 0x3B72,
    0x3B52, 0x43B2, 0xEF9E, 0xFFFF, 0xFFFF, 0xFFFF, 0xFFFF, 0xFFFF, 0xFFFF, 0xFFFF, 0xFFFF, 0xFFFF,
    0xFFFF, 0xFFFF, 0xFFDF, 0xFFFF, 0x8D37, 0x3311, 0x3B52, 0x6434, 0xFFFF, 0xFFDF, 0xFFDF, 0xFFFF,
    0xFFFF, 0xFFFF, 0xEF9E, 0x8D37, 0x3B72, 0x3B51, 0x4392, 0x2AF0, 0x7CF6, 0xFFFF, 0xA5D9, 0x3311,
    0x3B72, 0x3311, 0x3B52, 0x4372, 0x3B72, 0x3B72, 0x3B72, 0x3B72, 0x3B72, 0x3B72, 0x3B72, 0x3B72,
    0x3B72, 0x3B72, 0x3B72, 0x4373, 0xF81F, 0xF81F, 0xF81F, 0xF81F, 0xF81F, 0xF81F, 0xF81F, 0xF81F,
    0x4373, 0x3B72, 0x3B72, 0x3B72, 0x3B52, 0x4393, 0xEF9E, 0xFFFF, 0xFFFF, 0xFFFF, 0xFFFF, 0xFFFF,
    0xFFFF, 0xFFFF, 0xFFFF, 0xFFFF, 0xFFFF, 0xFFFF, 0xFFFF, 0xFFFF, 0xFFFF, 0x74B6, 0x3311, 0x3B52,
    0xBE7B, 0xFFFF, 0xFFFF, 0xFFFF, 0xFFFF, 0xFFFF, 0xFFFF, 0xFFFF, 0xDF3D, 0x4BB3, 0x3311, 0x6C75,
    0xFFFF, 0xC67B, 0x3331, 0x3B72, 0x4392, 0x74D6, 0x4BB3, 0x3B52, 0x3B72, 0x3B72, 0x3B72, 0x3B72,
    0x3B72, 0x3B72, 0x3B72, 0x3B72, 0x3B72, 0x3B72, 0x3B72, 0x4373, 0xF81F, 0xF81F, 0xF81F, 0xF81F,
    0xF81F, 0xF81F, 0xF81F, 0xF81F, 0x4373, 0x3B72, 0x3B72, 0x3B72, 0x3B52, 0x4392, 0xEF9E, 0xFFFF,
    0xFFFF, 0xFFFF, 0xFFFF, 0xFFFF, 0xFFFF, 0xFFFF, 0xFFFF, 0xFFFF, 0xFFFF, 0xFFFF, 0xFFFF, 0xFFFF,
    0xFFFF, 0xF7BF, 0x6434, 0x2B11, 0x4392, 0x9DB8, 0xCEDC, 0xFFDF, 0xFFFF, 0xFFFF, 0xE75D, 0xEF9E,
    0xFFFF, 0xAE1A, 0x22D0, 0xAE1A, 0xFFFF, 0x4BB3, 0x3B52, 0x3331, 0xB61A, 0xFFFF, 0xC6BC, 0x3331,
    0x3B72, 0x3B72, 0x3B72, 0x3B72, 0x3B72, 0x3B72, 0x3B72, 0x3B72, 0x3B72, 0x3B72, 0x3B72, 0x4373,
    0xF81F, 0xF81F, 0xF81F, 0xF81F, 0xF81F, 0xF81F, 0xF81F, 0xF81F, 0x4373, 0x3B72, 0x3B72, 0x3B72,
    0x3B52, 0x4392, 0xEF9E, 0xFFFF, 0xFFFF, 0xFFFF, 0xFFFF, 0xFFFF, 0xFFFF, 0xFFFF, 0xFFFF, 0xFFFF,
    0xFFFF, 0xFFFF, 0xFFFF, 0xFFFF, 0xFFFF, 0xFFFF, 0xEF9E, 0x53F4, 0x3311, 0x3311, 0x4BB2, 0xF7BE,
    0xFFFF, 0xDF3D, 0x2AF1, 0x7CD6, 0xFFFF, 0xCEDC, 0x1AB0, 0x8D37, 0xFFFF, 0x4BD3, 0x3B52, 0x3331,
    0xADF9, 0xFFFF, 0xBE7B, 0x3331, 0x4372, 0x3B72, 0x3B72, 0x3B72, 0x3B72, 0x3B72, 0x3B72, 0x3B72,
    0x3B72, 0x3B72, 0x3B72, 0x4373, 0xF81F, 0xF81F, 0xF81F, 0xF81F, 0xF81F, 0xF81F, 0xF81F, 0xF81F,
    0x4373, 0x3B72, 0x3B72, 0x3B72, 0x3B52, 0x4392, 0xEF9E, 0xFFFF, 0xFFFF, 0xFFFF, 0xFFFF, 0xFFFF,
    0xFFFF, 0xFFFF, 0xFFFF, 0xFFFF, 0xFFFF, 0xFFFF, 0xFFFF, 0xFFFF, 0xFFFF, 0xFFDF, 0xFFFF, 0xE77E,
    0x53F4, 0x3331, 0x4B92, 0xEF7E, 0xFFFF, 0xEF9E, 0x74B6, 0xAE1A, 0xFFFF, 0xF7BF, 0x9578, 0x6C75,
    0xFFFF, 0x6455, 0x3311, 0x3B52, 0x4372, 0x6455, 0x4392, 0x3B52, 0x3B52, 0x3B52, 0x3B72, 0x3B72,
    0x3B72, 0x3B72, 0x3B72, 0x3B72, 0x3B72, 0x3B72, 0x3B72, 0x4373, 0xF81F, 0xF81F, 0xF81F, 0xF81F,
    0xF81F, 0xF81F, 0xF81F, 0xF81F, 0x4373, 0x3B72, 0x3B72, 0x3B72, 0x3B52, 0x4392, 0xEF9E, 0xFFFF,
    0xFFFF, 0xFFFF, 0xFFFF, 0xFFFF, 0xFFFF, 0xFFFF, 0xFFFF, 0xFFFF, 0xFFFF, 0xFFFF, 0xFFFF, 0xFFFF,
    0xFFFF, 0xFFFF, 0xFFDF, 0xFFFF, 0xEF7E, 0x5C14, 0x22D0, 0x9578, 0xFFFF, 0xFFFF, 0xFFFF, 0xFFFF,
    0xFFFF, 0xFFFF, 0xFFFF, 0xADFA, 0x6C95, 0x4372, 0x53D3, 0x4392, 0x3331, 0x3331, 0x3B52, 0x3331,
    0x4392, 0x4392, 0x3331, 0x3B72, 0x3B72, 0x3B52, 0x3B52, 0x3B72, 0x3B72, 0x3B72, 0x3B72, 0x4373,
    0xF81F, 0xF81F, 0xF81F, 0xF81F, 0xF81F, 0xF81F, 0xF81F, 0xF81F, 0x4373, 0x3B72, 0x3B72, 0x3B72,
    0x3B52, 0x4392, 0xEF9E, 0xFFFF, 0xFFFF, 0xFFFF, 0xFFFF, 0xFFFF, 0xFFFF, 0xFFFF, 0xFFFF, 0xFFFF,
    0xFFFF, 0xFFFF, 0xFFFF, 0xFFFF, 0xFFFF, 0xFFFF, 0xFFFF, 0xFFDF, 0xFFFF, 0xEF9E, 0x6455, 0x2AD0,
    0x8D37, 0xCEDC, 0xDF3D, 0xFFDF, 0xFFFF, 0xFFDF, 0xFFFF, 0xDF3D, 0x3311, 0xB63A, 0xF7BF, 0xE77E,
    0x74B6, 0x3B51, 0x3B52, 0x5C34, 0xEF7E, 0xE73D, 0x5C34, 0x3331, 0x3B72, 0x3B72, 0x3B72, 0x3B72,
    0x3B72, 0x3B72, 0x3B72, 0x4373, 0xF81F, 0xF81F, 0xF81F, 0xF81F, 0xF81F, 0xF81F, 0xF81F, 0xF81F,
    0x4373, 0x3B52, 0x3B72, 0x3B72, 0x3B52, 0x4392, 0xEF9E, 0xFFFF, 0xFFFF, 0xFFFF, 0xFFFF, 0xFFFF,
    0xFFFF, 0xFFFF, 0xFFFF, 0xFFFF, 0xFFFF, 0xFFFF, 0xFFFF, 0xFFFF, 0xFFFF, 0xFFFF, 0xFFFF, 0xFFFF,
    0xFFDF, 0xFFFF, 0xF7DF, 0x7496, 0x22D0, 0x3331, 0x53F3, 0xFFDF, 0xFFFF, 0xFFDF, 0xFFFF, 0xEF7E,
    0xB63A, 0xFFFF, 0xFFFF, 0xFFFF, 0xEF9E, 0x4392, 0x2B11, 0xB65A, 0xFFFF, 0xFFFF, 0xC69B, 0x3311,
    0x4372, 0x3B72, 0x3B72, 0x3B72, 0x3B72, 0x3B52, 0x3B72, 0x4373, 0xF81F, 0xF81F, 0xF81F, 0xF81F,
    0xF81F, 0xF81F, 0xF81F, 0xF81F, 0x4373, 0x3B52, 0x3B72, 0x3B72, 0x3B52, 0x4392, 0xEF9E, 0xFFFF,
    0xFFFF, 0xFFFF, 0xFFFF, 0xFFFF, 0xFFFF, 0xFFFF, 0xFFFF, 0xFFFF, 0xFFFF, 0xFFFF, 0xFFFF, 0xFFFF,
    0xFFFF, 0xFFFF, 0xFFFF, 0xFFFF, 0xFFFF, 0xFFFF, 0xFFFF, 0xFFFF, 0x8D37, 0x3311, 0x3B51, 0xBE7B,
    0xFFFF, 0xFFFF, 0xFFFF, 0xFFFF, 0xFFFF, 0xC69B, 0xD6FC, 0xFFFF, 0xFFDF, 0x5C14, 0x22D0, 0x74B6,
    0xF7DF, 0xFFFF, 0x8D57, 0x3331, 0x4372, 0x3B72, 0x3B72, 0x3B72, 0x3B72, 0x3B52, 0x3B72, 0x4373,
    0xF81F, 0xF81F, 0xF81F, 0xF81F, 0xF81F, 0xF81F, 0xF81F, 0xF81F, 0x4373, 0x3B52, 0x3B72, 0x3B72,
    0x3B52, 0x4392, 0xEF9E, 0xFFFF, 0xFFFF, 0xFFFF, 0xFFFF, 0xFFFF, 0xFFFF, 0xFFFF, 0xFFFF, 0xFFFF,
    0xFFFF, 0xFFFF, 0xFFFF, 0xFFFF, 0xFFFF, 0xFFFF, 0xFFFF, 0xFFFF, 0xFFFF, 0xFFFF, 0xFFFF, 0xFFFF,
    0xFFFF, 0x9DB9, 0x3311, 0x3B72, 0x9DB9, 0xB61A, 0xD6FC, 0xFFFF, 0xBE7B, 0x2B11, 0x3B72, 0xDF1D,
    0xFFFF, 0xE77E, 0x7CD6, 0x2AF1, 0x5C34, 0x6C75, 0x3B51, 0x3331, 0x3B52, 0x4372, 0x3B72, 0x3B72,
    0x3B72, 0x3B52, 0x3B52, 0x4373, 0xF81F, 0xF81F, 0xF81F, 0xF81F, 0xF81F, 0xF81F, 0xF81F, 0xF81F,
    0x4373, 0x3B72, 0x3B72, 0x3B72, 0x3B52, 0x4392, 0xEF9E, 0xFFFF, 0xFFFF, 0xFFFF, 0xFFFF, 0xFFFF,
    0xFFFF, 0xFFFF, 0xFFFF, 0xFFFF, 0xFFFF, 0xFFFF, 0xFFFF, 0xFFFF, 0xFFFF, 0xFFFF, 0xFFFF, 0xFFFF,
    0xFFFF, 0xFFFF, 0xFFFF, 0xFFFF, 0xFFFF, 0xFFFF, 0xBE5B, 0x3B52, 0x2B11, 0x22F0, 0xA5B9, 0xFFFF,
    0xB65A, 0x2AF1, 0x3331, 0xD71D, 0xFFFF, 0xFFFF, 0xFFDF, 0x53F3, 0x3331, 0x3331, 0x3B51, 0x5C14,
    0x4BB3, 0x3331, 0x3B72, 0x3B72, 0x3B72, 0x3B52, 0x3B72, 0x4373, 0xF81F, 0xF81F, 0xF81F, 0xF81F,
    0xF81F, 0xF81F, 0xF81F, 0xF81F, 0x4373, 0x3B52, 0x3B72, 0x3B72, 0x3B52, 0x4392, 0xEF9E, 0xFFFF,
    0xFFFF, 0xFFFF, 0xFFFF, 0xFFFF, 0xFFFF, 0xFFFF, 0xFFFF, 0xFFFF, 0xFFFF, 0xFFFF, 0xFFFF, 0xFFFF,
    0xFFFF, 0xFFFF, 0xFFFF, 0xFFFF, 0xFFFF, 0xFFFF, 0xFFFF, 0xFFFF, 0xFFFF, 0xFFDF, 0xFFFF, 0xD71D,
    0x5C14, 0x2AF1, 0x6C75, 0xFFFF, 0xFFFF, 0xC67B, 0xCEDC, 0xFFFF, 0xFFFF, 0xFFDF, 0xFFFF, 0x74B6,
    0x3331, 0x4372, 0xB65A, 0xFFFF, 0xEF7E, 0x6C75, 0x3331, 0x4372, 0x3B72, 0x3B72, 0x3B72, 0x4373,
    0xF81F, 0xF81F, 0xF81F, 0xF81F, 0xF81F, 0xF81F, 0xF81F, 0xF81F, 0x4373, 0x3B72, 0x3B72, 0x3B72,
    0x3B52, 0x4B92, 0xEF9E, 0xFFFF, 0xFFFF, 0xFFFF, 0xFFFF, 0xFFFF, 0xFFFF, 0xFFFF, 0xFFFF, 0xFFFF,
    0xFFFF, 0xFFFF, 0xFFFF, 0xFFFF, 0xFFFF, 0xFFFF, 0xFFFF, 0xFFFF, 0xFFFF, 0xFFFF, 0xFFFF, 0xFFFF,
    0xFFFF, 0xFFFF, 0xFFDF, 0xFFFF, 0xF7BE, 0x7CD6, 0x22D0, 0x8517, 0xEF9E, 0xFFFF, 0xFFFF, 0xFFFF,
    0xFFFF, 0xFFFF, 0xF7DF, 0x53F3, 0x2B11, 0x9558, 0xFFFF, 0xFFDF, 0xFFFF, 0xE75D, 0x3B72, 0x3B52,
    0x3B72, 0x3B72, 0x3B72, 0x4373, 0xF81F, 0xF81F, 0xF81F, 0xF81F, 0xF81F, 0xF81F, 0xF81F, 0xF81F,
    0x4373, 0x3B72, 0x3B72, 0x3B72, 0x3B52, 0x4BB3, 0xEF9E, 0xFFFF, 0xFFFF, 0xFFFF, 0xFFFF, 0xFFFF,
    0xFFFF, 0xFFFF, 0xFFFF, 0xFFFF, 0xFFFF, 0xFFFF, 0xFFFF, 0xFFFF, 0xFFFF, 0xFFFF, 0xFFFF, 0xFFFF,
    0xFFFF, 0xFFFF, 0xFFFF, 0xFFFF, 0xFFFF, 0xFFFF, 0xFFFF, 0xFFDF, 0xFFFF, 0xFFFF, 0xADFA, 0x3331,
    0x3B52, 0x5C34, 0x53F4, 0xBE5B, 0xF79E, 0xE73D, 0x74B6, 0x3B51, 0x3331, 0xC69B, 0xFFFF, 0xFFDF,
    0xFFFF, 0xFFDF, 0x53F4, 0x3B51, 0x3B72, 0x3B72, 0x3B72, 0x4B73, 0xF81F, 0xF81F, 0xF81F, 0xF81F,
    0xF81F, 0xF81F, 0xF81F, 0xF81F, 0x4352, 0x3B72, 0x3B72, 0x3B72, 0x3B52, 0x4BB3, 0xEF9E, 0xFFFF,
    0xFFFF, 0xFFFF, 0xFFFF, 0xFFFF, 0xFFFF, 0xFFFF, 0xFFFF, 0xFFFF, 0xFFFF, 0xFFFF, 0xFFFF, 0xFFFF,
    0xFFFF, 0xFFFF, 0xFFFF, 0xFFFF, 0xFFFF, 0xFFFF, 0xFFFF, 0xFFFF, 0xFFFF, 0xFFFF, 0xFFFF, 0xFFFF,
    0xFFFF, 0xFFFF, 0xFFFF, 0xE73D, 0x6C95, 0x2B11, 0x2B11, 0x3B31, 0x4BD3, 0x4392, 0x3331, 0x4392,
    0x3331, 0x8D37, 0xFFFF, 0xFFFF, 0xFFFF, 0xDF3D, 0x3B72, 0x3B72, 0x3B72, 0x3B72, 0x3B72, 0x4372,
    0xF81F, 0xF81F, 0xF81F, 0xF81F, 0xF81F, 0xF81F, 0xF81F, 0xF81F, 0x4333, 0x3B92, 0x3B72, 0x3B72,
    0x3B52, 0x4BB3, 0xEF7E, 0xFFFF, 0xFFDF, 0xFFDF, 0xFFDF, 0xFFDF, 0xFFDF, 0xFFDF, 0xFFDF, 0xFFDF,
    0xFFDF, 0xFFDF, 0xFFDF, 0xFFDF, 0xFFDF, 0xFFDF, 0xFFDF, 0xFFDF, 0xFFDF, 0xFFDF, 0xFFDF, 0xFFDF,
    0xFFDF, 0xFFDF, 0xFFDF, 0xFFDF, 0xFFDF, 0xFFDF, 0xFFDF, 0xFFFF, 0xFFFF, 0xC69B, 0x6455, 0x3331,
    0x2AF0, 0x3331, 0x3B72, 0x3B72, 0x3B72, 0x3B52, 0xA5D9, 0xEF9E, 0xDF1D, 0x6434, 0x3331, 0x4372,
    0x3B72, 0x3B72, 0x4392, 0x4333, 0xF81F, 0xF81F, 0xF81F, 0xF81F, 0xF81F, 0xF81F, 0xF81F, 0xF81F,
    0x52F4, 0x43B3, 0x3B72, 0x3B72, 0x3B52, 0x4BB3, 0xF7DF, 0xFFFF, 0xFFFF, 0xFFFF, 0xFFFF, 0xFFFF,
    0xFFFF, 0xFFFF, 0xFFFF, 0xFFFF, 0xFFFF, 0xFFFF, 0xFFFF, 0xFFFF, 0xFFFF, 0xFFFF, 0xFFFF, 0xFFFF,
    0xFFFF, 0xFFFF, 0xFFFF, 0xFFFF, 0xFFFF, 0xFFFF, 0xFFFF, 0xFFFF, 0xFFFF, 0xFFFF, 0xFFFF, 0xFFFF,
    0xFFFF, 0xFFFF, 0xFFFF, 0xDF1D, 0x9578, 0x6434, 0x4BB3, 0x3B72, 0x3B72, 0x3B72, 0x3331, 0x4BB3,
    0x3B72, 0x3331, 0x3B72, 0x3B72, 0x3B72, 0x3B72, 0x43B3, 0x52F4, 0xF81F, 0xF81F, 0xF81F, 0xF81F,
    0xF81F, 0xF81F, 0xF81F, 0xF81F, 0xF81F, 0x4373, 0x3B72, 0x3B72, 0x3B72, 0x4372, 0x7CF6, 0x8517,
    0x8517, 0x8517, 0x8517, 0x8517, 0x8517, 0x84F7, 0x84F7, 0x84F6, 0x84F6, 0x8517, 0x8517, 0x8517,
    0x8517, 0x84F7, 0x8517, 0x8517, 0x8517, 0x8517, 0x8517, 0x8517, 0x8517, 0x8517, 0x8517, 0x8517,
    0x8517, 0x8517, 0x8517, 0x8517, 0x84F7, 0x7CF6, 0x84F7, 0x8D37, 0x8D58, 0x7CF6, 0x6455, 0x4392,
    0x3B72, 0x3B72, 0x4372, 0x3B52, 0x3B72, 0x4372, 0x3B72, 0x3B72, 0x3B72, 0x3B72, 0x4393, 0xF81F,
    0xF81F, 0xF81F, 0xF81F, 0xF81F, 0xF81F, 0xF81F, 0xF81F, 0xF81F, 0xF81F, 0x4353, 0x3B93, 0x3B72,
    0x3B72, 0x3B72, 0x3331, 0x3311, 0x3311, 0x3311, 0x3311, 0x3311, 0x3311, 0x3311, 0x3311, 0x3311,
    0x3311, 0x3311, 0x3311, 0x3311, 0x3311, 0x3311, 0x3311, 0x3311, 0x3311, 0x3311, 0x3311, 0x3311,
    0x3311, 0x3311, 0x3311, 0x3311, 0x3311, 0x3311, 0x3311, 0x3311, 0x3311, 0x3311, 0x3311, 0x2B11,
    0x2B11, 0x3331, 0x3B52, 0x3B72, 0x3B72, 0x3B72, 0x3B72, 0x3B72, 0x3B72, 0x3B72, 0x3B72, 0x3B72,
    0x3B72, 0x4393, 0x4353, 0xF81F, 0xF81F, 0xF81F, 0xF81F, 0xF81F, 0xF81F, 0xF81F, 0xF81F, 0xF81F,
    0xF81F, 0xF81F, 0x4373, 0x3B72, 0x3B72, 0x3B72, 0x4372, 0x4372, 0x4372, 0x4372, 0x4372, 0x4372,
    0x4372, 0x4372, 0x4372, 0x4372, 0x4372, 0x4372, 0x4372, 0x4372, 0x4372, 0x4372, 0x4372, 0x4372,
    0x4372, 0x4372, 0x4372, 0x4372, 0x4372, 0x4372, 0x4372, 0x4372, 0x4372, 0x4372, 0x4372, 0x4372,
    0x4372, 0x4372, 0x4372, 0x4372, 0x4372, 0x4372, 0x3B72, 0x3B72, 0x3B72, 0x3B72, 0x3B72, 0x3B72,
    0x3B72, 0x3B72, 0x3B72, 0x3B72, 0x3B72, 0x4393, 0xF81F, 0xF81F, 0xF81F, 0xF81F, 0xF81F, 0xF81F,
    0xF81F, 0xF81F, 0xF81F, 0xF81F, 0xF81F, 0xF81F, 0x4B14, 0x43B3, 0x3B72, 0x3B72, 0x3B72, 0x3B72,
    0x3B72, 0x3B72, 0x3B72, 0x3B72, 0x3B72, 0x3B72, 0x3B72, 0x3B72, 0x3B72, 0x3B72, 0x3B72, 0x3B72,
    0x3B72, 0x3B72, 0x3B72, 0x3B72, 0x3B72, 0x3B72, 0x3B72, 0x3B72, 0x3B72, 0x3B72, 0x3B72, 0x3B72,
    0x3B72, 0x3B72, 0x3B72, 0x3B72, 0x3B72, 0x3B72, 0x3B72, 0x3B72, 0x3B72, 0x3B72, 0x3B72, 0x3B72,
    0x3B72, 0x3B72, 0x3B72, 0x3B72, 0x3B72, 0x3B72, 0x3B72, 0x3B72, 0x43B3, 0x4B13, 0xF81F, 0xF81F,
    0xF81F, 0xF81F, 0xF81F, 0xF81F, 0xF81F, 0xF81F, 0xF81F, 0xF81F, 0xF81F, 0xF81F, 0xF81F, 0x5314,
    0x43B3, 0x3B72, 0x3B72, 0x3B72, 0x3B72, 0x3B72, 0x3B72, 0x3B72, 0x3B72, 0x3B72, 0x3B72, 0x3B72,
    0x3B72, 0x3B72, 0x3B72, 0x3B72, 0x3B72, 0x3B72, 0x3B72, 0x3B72, 0x3B72, 0x3B72, 0x3B72, 0x3B72,
    0x3B72, 0x3B72, 0x3B72, 0x3B72, 0x3B72, 0x3B72, 0x3B72, 0x3B72, 0x3B72, 0x3B72, 0x3B72, 0x3B72,
    0x3B72, 0x3B72, 0x3B72, 0x3B72, 0x3B72, 0x3B72, 0x3B72, 0x3B72, 0x3B72, 0x3B72, 0x3B52, 0x43B3,
    0x5314, 0xF81F, 0xF81F, 0xF81F, 0xF81F, 0xF81F, 0xF81F, 0xF81F, 0xF81F, 0xF81F, 0xF81F, 0xF81F,
    0xF81F, 0xF81F, 0xF81F, 0xF81F, 0x4B14, 0x43B3, 0x3B72, 0x3B52, 0x3B72, 0x3B72, 0x3B72, 0x3B72,
    0x3B72, 0x3B72, 0x3B72, 0x3B72, 0x3B72, 0x3B72, 0x3B72, 0x3B72, 0x3B72, 0x3B72, 0x3B72, 0x3B72,
    0x3B72, 0x3B72, 0x3B72, 0x3B72, 0x3B72, 0x3B72, 0x3B72, 0x3B72, 0x3B72, 0x3B72, 0x3B72, 0x3B72,
    0x3B72, 0x3B72, 0x3B72, 0x3B72, 0x3B72, 0x3B72, 0x3B72, 0x3B72, 0x3B72, 0x3B72, 0x3B72, 0x3B72,
    0x3B72, 0x3B72, 0x43B3, 0x5334, 0xF81F, 0xF81F, 0xF81F, 0xF81F, 0xF81F, 0xF81F, 0xF81F, 0xF81F,
    0xF81F, 0xF81F, 0xF81F, 0xF81F, 0xF81F, 0xF81F, 0xF81F, 0xF81F, 0xF81F, 0x4333, 0x4393, 0x3B92,
    0x3B72, 0x3B72, 0x3B72, 0x3B72, 0x3B72, 0x3B72, 0x3B72, 0x3B72, 0x3B72, 0x3B72, 0x3B72, 0x3B72,
    0x3B72, 0x3B72, 0x3B72, 0x3B72, 0x3B72, 0x3B72, 0x3B72, 0x3B72, 0x3B72, 0x3B72, 0x3B72, 0x3B72,
    0x3B72, 0x3B72, 0x3B72, 0x3B72, 0x3B72, 0x3B72, 0x3B72, 0x3B72, 0x3B72, 0x3B72, 0x3B72, 0x3B72,
    0x3B72, 0x3B72, 0x3B72, 0x3B72, 0x3B92, 0x4394, 0x4B34, 0xF81F, 0xF81F, 0xF81F, 0xF81F, 0xF81F,
    0xF81F, 0xF81F, 0xF81F, 0xF81F, 0xF81F, 0xF81F, 0xF81F, 0xF81F, 0xF81F, 0xF81F, 0xF81F, 0xF81F,
    0xF81F, 0xF81F, 0xF81F, 0x4B34, 0x4373, 0x4393, 0x3B92, 0x3B72, 0x3B72, 0x3B72, 0x3B72, 0x3B72,
    0x3B72, 0x3B72, 0x3B72, 0x3B72, 0x3B72, 0x3B72, 0x3B72, 0x3B72, 0x3B72, 0x3B72, 0x3B72, 0x3B72,
    0x3B72, 0x3B72, 0x3B72, 0x3B72, 0x3B52, 0x3B72, 0x3B52, 0x3B52, 0x3B72, 0x3B72, 0x3B72, 0x3B72,
    0x3B72, 0x3B72, 0x3B72, 0x3B72, 0x3B72, 0x3B92, 0x43B3, 0x4373, 0x4B34, 0xF81F, 0xF81F, 0xF81F,
    0xF81F, 0xF81F, 0xF81F, 0xF81F, 0xF81F, 0xF81F, 0xF81F, 0xF81F, 0xF81F, 0xF81F, 0xF81F, 0xF81F,
    0xF81F, 0xF81F, 0xF81F, 0xF81F, 0xF81F, 0xF81F, 0xF81F, 0xF81F, 0xF81F, 0x4B34, 0x4B54, 0x4353,
    0x4374, 0x4373, 0x4373, 0x4373, 0x4373, 0x4373, 0x4373, 0x4373, 0x4373, 0x4373, 0x4373, 0x4373,
    0x4373, 0x4373, 0x4373, 0x4373, 0x4373, 0x4373, 0x4373, 0x4373, 0x4373, 0x4373, 0x4373, 0x4373,
    0x4373, 0x4373, 0x4373, 0x4373, 0x4373, 0x4373, 0x4373, 0x4373, 0x4353, 0x4B33, 0x4B34, 0xF81F,
    0xF81F, 0xF81F, 0xF81F, 0xF81F, 0xF81F, 0xF81F, 0xF81F, 0xF81F, 0xF81F, 0xF81F, 0xF81F, 0xF81F,
    0xF81F, 0xF81F, 0xF81F, 0xF81F, 0xF81F, 0xF81F, 0xF81F, 0xF81F, 0xF81F, 0xF81F, 0xF81F, 0xF81F,
    0xF81F, 0xF81F, 0xF81F, 0xF81F, 0xF81F, 0xF81F, 0xF81F, 0xF81F, 0xF81F, 0xF81F, 0xF81F, 0xF81F,
    0xF81F, 0xF81F, 0xF81F, 0xF81F, 0xF81F, 0xF81F, 0xF81F, 0xF81F, 0xF81F, 0xF81F, 0xF81F, 0xF81F,
    0xF81F, 0xF81F, 0xF81F, 0xF81F, 0xF81F, 0xF81F, 0xF81F, 0xF81F, 0xF81F, 0xF81F, 0xF81F, 0xF81F,
    0xF81F, 0xF81F, 0xF81F, 0xF81F, 0xF81F, 0xF81F, 0xF81F, 0xF81F, 0xF81F, 0xF81F, 0xF81F, 0xF81F,
    0xF81F, 0xF81F, 0xF81F, 0xF81F, 0xF81F, 0xF81F, 0xF81F, 0xF81F, 0xF81F, 0xF81F, 0xF81F, 0xF81F,
    0xF81F, 0xF81F, 0xF81F, 0xF81F, 0xF81F, 0xF81F, 0xF81F, 0xF81F, 0xF81F, 0xF81F, 0xF81F, 0xF81F,
    0xF81F, 0xF81F, 0xF81F, 0xF81F, 0xF81F, 0xF81F, 0xF81F, 0xF81F, 0xF81F, 0xF81F, 0xF81F, 0xF81F,
    0xF81F, 0xF81F, 0xF81F, 0xF81F, 0xF81F, 0xF81F, 0xF81F, 0xF81F, 0xF81F, 0xF81F, 0xF81F, 0xF81F,
    0xF81F, 0xF81F, 0xF81F, 0xF81F, 0xF81F, 0xF81F, 0xF81F, 0xF81F, 0xF81F, 0xF81F, 0xF81F, 0xF81F,
    0xF81F, 0xF81F, 0xF81F, 0xF81F, 0xF81F, 0xF81F, 0xF81F, 0xF81F, 0xF81F, 0xF81F, 0xF81F, 0xF81F,
    0xF81F, 0xF81F, 0xF81F, 0xF81F, 0xF81F, 0xF81F, 0xF81F, 0xF81F, 0xF81F, 0xF81F, 0xF81F, 0xF81F,
    0xF81F, 0xF81F, 0xF81F, 0xF81F, 0xF81F, 0xF81F, 0xF81F, 0xF81F, 0xF81F, 0xF81F, 0xF81F, 0xF81F,
    0xF81F, 0xF81F, 0xF81F, 0xF81F, 0xF81F, 0xF81F, 0xF81F, 0xF81F, 0xF81F, 0xF81F, 0xF81F, 0xF81F,
    0xF81F, 0xF81F, 0xF81F, 0xF81F, 0xF81F, 0xF81F, 0xF81F, 0xF81F, 0xF81F, 0xF81F, 0xF81F, 0xF81F,
    0xF81F, 0xF81F, 0xF81F, 0xF81F, 0xF81F, 0xF81F, 0xF81F, 0xF81F, 0xF81F, 0xF81F, 0xF81F, 0xF81F,
    0xF81F, 0xF81F, 0xF81F, 0xF81F, 0xF81F, 0xF81F, 0xF81F, 0xF81F, 0xF81F, 0xF81F, 0xF81F, 0xF81F,
    0xF81F, 0xF81F, 0xF81F, 0xF81F, 0xF81F, 0xF81F, 0xF81F, 0xF81F, 0xF81F, 0xF81F, 0xF81F, 0xF81F,
    0xF81F, 0xF81F, 0xF81F, 0xF81F, 0xF81F, 0xF81F, 0xF81F, 0xF81F, 0xF81F, 0xF81F, 0xF81F, 0xF81F,
    0xF81F, 0xF81F, 0xF81F, 0xF81F, 0xF81F, 0xF81F, 0xF81F, 0xF81F, 0xF81F, 0xF81F, 0xF81F, 0xF81F,
    0xF81F, 0xF81F, 0xF81F, 0xF81F, 0xF81F, 0xF81F, 0xF81F, 0xF81F, 0xF81F, 0xF81F, 0xF81F, 0xF81F,
    0xF81F, 0xF81F, 0xF81F, 0xF81F,
};

}  // namespace fluid_demo
